questId,title,detail,category,type
503,艦隊大整備！,各艦隊から整備が必要な艦を5隻以上ドック入りさせ、大規模な整備をしよう！,5,1
140,新型電探を配備せよ！,新型電探運用試験のため、第一艦隊の旗艦に「妙高改二」を配備せよ！,1,4
175,新編「第八駆逐隊」を再編成せよ！,「朝潮改二」を旗艦とした「満潮」「大潮」「荒潮」4隻による第八駆逐隊を再編成せよ！,1,4
303,「演習」で練度向上！,本日中に他の司令官の艦隊に対して3回「演習」を挑もう！,3,1
402,「遠征」を３回成功させよう！,本日中に「遠征」３回成功させよう！,4,1
404,大規模遠征作戦、発令！,今週中に「遠征」30回成功させよう！,4,2
411,南方への鼠輸送を継続実施せよ！,今週中に「東京急行」系遠征を継続的に実施、同種作戦を7回成功させよう！,4,2
150,「第二一駆逐隊」を編成せよ！,「初春」「子日」「若葉」「初霜」4隻による第二一駆逐隊を編成せよ！,1,4
201,敵艦隊を撃破せよ！,艦隊を出撃させ、敵艦隊を捕捉、これを撃滅せよ！,2,1
403,「遠征」を１０回成功させよう！,本日中に「遠征」10回成功させよう！,4,1
504,艦隊酒保祭り！,艦隊酒保祭り！各艦に延べ15回以上の補給を実施しよう！,5,1
606,新造艦「建造」指令,「工廠」で艦娘を本日中に新たに「建造」しよう！,6,1
210,敵艦隊を10回邀撃せよ！,艦隊全力出撃！遊弋する敵艦隊を10回邀撃せよ！,2,1
302,大規模演習,今週中に「演習」で他の提督の艦隊に対して20回「勝利」しよう！,3,2
304,「演習」で他提督を圧倒せよ！,本日中に他の司令官の艦隊との「演習」で5回以上「勝利」をおさめよう！,3,1
638,対空機銃量産,「機銃」系装備を量産し、工廠で6個廃棄！ 「装備改修」強化をサポートせよ！,6,2
265,海上護衛強化月間,鎮守府正面海域の対潜哨戒を強化し、敵潜水艦を制圧、安全な海上輸送体制を確立せよ！,2,3
173,強行高速輸送部隊を編成せよ！,「川内改二」旗艦、「江風改二」「時雨改二」他駆逐2隻による水雷戦隊を編成せよ！,1,4
256,「潜水艦隊」出撃せよ！,潜水艦戦力を中核とした艦隊で中部海域哨戒線へ反復出撃、敵戦力を漸減せよ！,2,3
607,装備「開発」集中強化！,「工廠」で装備アイテムを本日中に3回「開発」しよう(失敗もOK)！,6,1
134,式の準備！(その参),第一艦隊旗艦に練度の高い(Lv.90以上～99以下)艦娘を配備して気持ちを整理せよ！,1,4
138,新編「第二航空戦隊」を編成せよ！,「飛龍改二」(※旗艦)及び「蒼龍」を基幹とした二航戦(要駆逐艦2隻)を編成せよ！,1,4
172,「第二七駆逐隊」を編成せよ！,「白露改」旗艦、「時雨」「春雨」「五月雨」4隻による第二七駆逐隊を編成せよ！,1,4
155,新編「第六駆逐隊」を編成せよ！,「暁改二」を旗艦とした「響」「雷」「電」4隻による第六駆逐隊を編成せよ！,1,4
289,「第十六戦隊(第一次)」出撃せよ！,「第十六戦隊(第一次)」をバシー島沖に展開、敵艦隊を撃滅せよ！,2,4
226,南西諸島海域の制海権を握れ！,艦隊を南西諸島海域に全力出撃させ、多数の敵艦隊「主力」群を捕捉、撃滅せよ！,2,1
410,南方への輸送作戦を成功させよ！,激戦海域である南方海域への「東京急行」系遠征を敢行、これを成功させよ！,4,2
703,「近代化改修」を進め、戦備を整えよ！,一週間の間に、近代化改修を１5回成功させよ！,7,2
268,「第十一駆逐隊」対潜哨戒！,「第十一駆逐隊」を含む艦隊で鎮守府正面へ展開、対潜哨戒を実施せよ！,2,4
279,「第一水雷戦隊」北方ケ号作戦、再突入！,北方再突入準備の新編「一水戦」で北方キス島に再突入を敢行、同撤収作戦を完遂せよ！,2,4
295,「第十六戦隊(第二次)」出撃せよ！,「第十六戦隊(第二次)」をオリョール海に展開、敵主力艦隊を捕捉、これを撃滅せよ！,2,4
285,「空母機動部隊」北方海域に進出せよ！,航空母艦を旗艦とした空母機動部隊を北方AL海域方面に展開、敵戦力を撃滅せよ！,2,4
153,「第十八戦隊」を新編成せよ！,軽巡洋艦「天龍」「龍田」を基幹戦力とした「第十八戦隊」を4隻以上で新編成せよ！,1,4
157,「第一水雷戦隊」北方再突入準備！,「阿武隈改二」を旗艦として「響」「夕雲」「長波」「秋雲」「島風」の一水戦を再編成せよ！,1,4
112,「伊勢」型戦艦姉妹の全２隻を編成せよ！,伊勢型戦艦「伊勢」「日向」を同一艦隊に配属せよ！,1,4
114,「南雲機動部隊」を編成せよ！,一航戦「赤城」「加賀」二航戦「飛龍」「蒼龍」からなる第一機動部隊を編成せよ！,1,4
123,「第五航空戦隊」を編成せよ！,「翔鶴」「瑞鶴」を基幹とし、駆逐艦2隻を加えた第五航空戦隊を編成せよ！,1,4
118,「金剛」型による高速戦艦部隊を編成せよ！,金剛型戦艦「金剛」「比叡」「榛名」「霧島」全４隻の高速戦艦を集中配備せよ！,1,4
126,航空水上打撃艦隊を編成せよ！,航空戦艦2隻と航空巡洋艦2隻を基幹とする艦隊を編成せよ！,1,4
130,「第一水雷戦隊」を編成せよ！,「阿武隈」「曙」「潮」「霞」「不知火」を中核とした「第一水雷戦隊」を編成せよ！,1,4
131,「第八駆逐隊」を編成せよ！,「朝潮」「満潮」「大潮」「荒潮」4隻による第八駆逐隊を編成せよ！,1,4
214,あ号作戦,1週間の全力出撃を行い、可能な限り多くの敵艦隊を捕捉、これを迎撃せよ！,2,2
139,潜水艦隊「第六艦隊」を編成せよ！,「潜水母艦」と複数の潜水艦(4隻以上)からなる潜水艦隊「第六艦隊」を編成せよ！,1,4
228,海上護衛戦,有力な対潜能力を持つ海上護衛隊によって、可能な限り多くの敵潜水艦を撃滅せよ！,2,2
146,改修工廠を準備せよ！,第一艦隊の旗艦に工作艦「明石」を配備、改修工廠の準備を実施せよ！,1,4
276,海上突入部隊、進発せよ！,「比叡」「霧島」「長良」「暁」「雷」「電」の艦隊で、南方海域進出作戦を実施、敵を撃滅せよ！,2,4
213,海上通商破壊作戦,1週間で敵輸送船を20隻以上撃沈せよ！,2,2
223,「第四戦隊」出撃せよ！,「愛宕」「高雄」「鳥海」「摩耶」を基幹とする第四戦隊で、バシー島沖の敵を撃滅せよ！,2,4
227,新「三川艦隊」出撃せよ！,完全編成した「三川艦隊」をもって、オリョール海の敵を撃滅せよ！,2,4
224,「西村艦隊」出撃せよ！,「扶桑」「山城」「最上」「時雨」を基幹とする西村艦隊で、オリョール海の敵を撃滅せよ！,2,4
609,軍縮条約対応！,少し艦隊規模が大きくなりすぎました！「工廠」で不要な艦を2隻「解体」してください！,6,1
231,「潜水艦隊」出撃せよ！,伊号潜水艦2隻からなる潜水艦隊でオリョール海の敵を撃滅せよ！,2,4
628,機種転換,練度max「零戦21型(熟練)」搭載空母を秘書艦にして、新たに「零戦52型」を2つ廃棄！,6,3
233,「第六戦隊」出撃せよ！,編成した「第六戦隊」をもって出撃し、オリョール海の敵を撃滅「完全勝利」せよ！,2,4
639,新型魚雷兵装の開発,勲章x2消費：「島風」秘書艦に改修max「61cm五連装(酸素)魚雷」と<br>改修max「61cm三連装(酸素)魚雷」を装備！(任務達成後、各装備は消滅します),6,4
255,「水雷戦隊」バシー島沖緊急展開,軽巡を旗艦とした水雷戦隊(軽巡最大2隻他駆逐艦)でバシー島沖の敵を撃滅せよ！,2,4
274,「第六駆逐隊」対潜哨戒なのです！,「第六駆逐隊」を含む艦隊で鎮守府正面へ展開、対潜哨戒を実施せよ！,2,4
405,第一次潜水艦派遣作戦,はじめての潜水艦派遣作戦を成功させよう！,4,4
416,防空射撃演習を実施せよ！,「防空射撃演習」を複数回実施し、艦隊の防空能力を高めよ！,4,4
152,「三川艦隊」を新編、突入準備せよ！,第一艦隊において、「鳥海改ニ」を旗艦とする「三川艦隊」を編成せよ！,1,4
605,新装備「開発」指令,「工廠」で装備アイテムを新たに「開発」しよう(失敗もOK)！,6,1
637,「熟練搭乗員」養成,勲章x2消費：「鳳翔」秘書艦に練度max及び改修max「九六式艦戦」を搭載、熟練搭乗員を養成せよ！<br>(任務達成後、部隊は消滅します),6,5
702,艦の「近代化改修」を実施せよ！,近代化改修を実施して、２回以上これを成功させよ！,7,1
810,製油所地帯を防衛せよ！,水雷戦隊を製油所地帯沿岸に展開！同海域に出没する敵艦隊を三回以上撃滅せよ！,8,4
817,新編艦隊、南西諸島防衛線へ急行せよ！,水雷戦隊を含む新編艦隊を南西諸島防衛線に展開、同方面に来襲する敵艦隊を撃破せよ！,8,4
824,製油所地帯沿岸の哨戒を実施せよ！,軽空母旗艦と駆逐艦3隻を基幹とした護衛艦隊を編成、<br>製油所地帯沿岸に展開し、同海域の哨戒を実施、同海域の安全を確保せよ！,8,4
249,「第五戦隊」出撃せよ！,「第五戦隊」は沖ノ島沖の戦闘哨戒を実施、敵艦隊主力を捕捉、これを撃滅せよ！,2,3
143,「新型正規空母」を配備せよ！,雲龍型航空母艦一番艦「雲龍」を第一艦隊機旗艦に配備せよ！,1,4
171,「第三十一戦隊(第一次)」を編成せよ！,「五十鈴改二」旗艦、「皐月改二」「卯月改」を含む、対潜機動水上部隊を編成せよ！,1,4
259,「水上打撃部隊」南方へ！,戦艦3隻軽巡1隻他を基幹とした水上打撃部隊で南方海域へ進出、敵艦隊を撃滅せよ！,2,3
135,新たなる旅立ち！,第一艦隊旗艦に強い絆を結んだLv.100以上の艦娘を配備した6隻の艦隊を編成せよ！,1,4
288,新編「第二一戦隊」北方へ出撃せよ！,新編「第二一戦隊」を基幹とする艦隊で北方海域モーレイ海に出撃、敵を撃滅せよ！,2,4
296,新編成航空戦隊、北方へ進出せよ！,「新編成航空戦隊」をアルフォンシーノ方面へ進出、敵泊地の機動部隊を撃滅せよ！,2,4
149,「第十一駆逐隊」を編成せよ！,特I型駆逐艦「吹雪」「白雪」「初雪」「叢雲」4隻による第十一駆逐隊を編成せよ！,1,4
414,遠洋潜水艦作戦を実施せよ！,「遠洋潜水艦作戦」を実施し、潜水艦隊の練度向上と敵艦隊漸減に努めよ！,4,4
221,ろ号作戦,1週間の全力出撃を行い、敵輸送船団を捕捉・撃滅、敵の補給路を寸断せよ！,2,2
229,敵東方艦隊を撃滅せよ！,西方海域に出撃し、敵東方艦隊の主力を捕捉、これを撃滅せよ！,2,2
241,敵北方艦隊主力を撃滅せよ！,北方海域の深部に出撃し、敵北方艦隊の主力艦隊を捕捉、これを撃滅せよ！,2,2
167,新航空戦隊を編成せよ！,改二改装を終えた翔鶴型航空母艦2隻と同護衛艦による新航空戦隊を新編成せよ！,1,4
211,敵空母を３隻撃沈せよ！,艦隊の脅威となる敵空母群。これを捕捉撃滅し、3隻轟沈せよ！,2,5
232,「航空水上打撃艦隊」出撃せよ！,航空戦艦2隻と航空巡洋艦2隻を基幹とする艦隊でカレー洋の制海権を握れ！,2,4
608,艦娘「建造」艦隊強化！,艦隊強化のため、「工廠」で艦娘を本日中に3隻「建造」しよう！,6,1
142,精鋭「第三戦隊」全艦集結せよ！,第二次改装を完了した改装金剛型高速戦艦4隻を集結させよ！,1,4
823,水雷戦隊、南西防衛線に反復出撃せよ！,軽巡級旗艦と駆逐艦4隻の水雷戦隊を基幹とした艦隊を編成、<br>南西諸島防衛線に反復出撃し、同海域の制海権確保に努めよ！,8,4
136,「第三十駆逐隊(第二次)」を編成せよ！,「睦月」「弥生」「卯月」「望月」4隻による第三十駆逐隊(第二次)を編成せよ！,1,4
148,軽快な「水上反撃部隊」を編成せよ！,駆逐艦「霞」を旗艦とした重巡「足柄」及び軽巡1隻駆逐艦4隻の水上挺身部隊を編成せよ！,1,4
163,「第十六戦隊(第一次)」を編成せよ！,「足柄」を旗艦として「球磨」「長良」を擁する、第十六戦隊(第一次)を編成せよ！,1,4
174,新編「水雷戦隊」を含む艦隊を再編成せよ！,軽巡級を旗艦とした駆逐艦4隻からなる強力な水雷戦隊を含む艦隊を再編成せよ！,1,4
170,精強な「水上反撃部隊」を再編成せよ！,駆逐艦「霞」旗艦、「足柄」「大淀」「朝霜」「清霜」他の水上反撃部隊を再編成せよ！,1,4
225,「第五航空戦隊」出撃せよ！,「翔鶴」「瑞鶴」を基幹とする第五航空戦隊で、北方海域モーレイ海の敵を撃滅せよ！,2,4
816,艦隊、三周年！,三周年を記念しバシー島沖及び東部オリョール海に出撃、同海域の敵艦隊を撃滅せよ！,8,4
808,「第二七駆逐隊」出撃せよ！,「白露改」旗艦の第二七戦隊を含む艦隊をオリョール海に展開、同海域の敵艦隊を撃滅せよ！,8,4
176,精鋭！八駆第一小隊！,「朝潮改二丁」及び「大潮改二」を含む艦隊を編成せよ！,1,4
626,精鋭「艦戦」隊の新編成,要熟練搭乗員：練度max「零戦21型」搭載「鳳翔」秘書艦で「零戦21型」x2「九六艦戦」x1廃棄！,6,3
272,「改装防空重巡」出撃せよ！,摩耶改または摩耶改二及び軽巡1駆逐2隻を含む艦隊でオリョール海の敵艦隊を撃滅せよ！,2,4
311,精鋭艦隊演習,同日中に「演習」で7回以上「勝利」をおさめ、我が精鋭艦隊の練度を示そう！,3,3
286,鎮守府正面の対潜哨戒を強化せよ！,鎮守府正面の対潜哨戒を強化し、海上資源輸送路の安全を確立せよ！,2,4
253,「第六〇一航空隊」出撃せよ！,雲龍型航空母艦「雲龍改」含む機動部隊で珊瑚島沖に出撃、敵機動部隊を撃滅せよ！,2,4
263,「第六戦隊」南西海域へ出撃せよ！,「古鷹」「加古」「青葉」「衣笠」を基幹とした「第六戦隊」で、沖ノ島沖の敵艦隊を撃滅せよ！,2,4
269,「第二一駆逐隊」出撃せよ！,「第二一駆逐隊」を含む艦隊で出撃し、北方海域モーレイ海の敵を撃滅せよ！,2,4
119,「三川艦隊」を編成せよ！,「鳥海」「青葉」「加古」「古鷹」「天龍」を含む高速艦隊を編成せよ！,1,4
273,新編「三川艦隊」ソロモン方面へ！,第一艦隊に編成した「三川艦隊」を南方海域に進出させ、同方面の敵艦隊を撃滅せよ！,2,4
128,「第六戦隊」を編成せよ！,「古鷹」「加古」「青葉」「衣笠」を基幹とした第六戦隊を編成せよ！,1,4
277,「第六駆逐隊」対潜哨戒を徹底なのです！,「第六駆逐隊」を含む艦隊で鎮守府正面で対潜哨戒を実施、敵潜水艦部隊を痛打せよ！,2,4
220,い号作戦,有力な母艦航空隊で1週間の全力出撃を行い、可能な限り多くの敵空母を撃滅せよ！,2,2
216,敵艦隊主力を撃滅せよ！,艦隊を出撃させ、敵艦隊「主力」を捕捉！これを撃滅せよ！,2,1
822,沖ノ島海域迎撃戦,有力な艦隊を沖ノ島海域前面に反復投入、侵攻する敵機動部隊を迎撃、これを撃滅せよ！,8,5
218,敵補給艦を3隻撃沈せよ！,艦隊を出撃させ、敵補給艦を捕捉、これを撃滅せよ！,2,1
271,「那智戦隊」抜錨せよ！,旗艦「那智」及び「初霜」「霞」「潮」「曙」他1隻の艦隊でバシー島沖の敵を撃滅せよ！,2,4
133,「第三十駆逐隊(第一次)」を編成せよ！,「睦月」「如月」「弥生」「望月」4隻による第三十駆逐隊(第一次)を編成せよ！,1,4
260,「戦艦部隊」北方海域に突入せよ！,戦艦2隻と直援軽空母1隻(正規空母無し)基幹の艦隊で北方AL海域に突入、敵を撃滅せよ！,2,4
264,「空母機動部隊」西へ！,航空母艦2隻(随伴駆逐艦2隻)を基幹とする空母機動艦隊で、カレー洋の敵艦隊を撃滅せよ！,2,3
168,「第十六戦隊(第二次)」を編成せよ！,「名取」を旗艦として「五十鈴」「鬼怒」を擁する、第十六戦隊(第二次)を編成せよ！,1,4
267,「第十一駆逐隊」出撃せよ！,「第十一駆逐隊」を含む艦隊で出撃し、オリョール海の敵を撃破せよ！,2,4
812,オリョール海の制海権を確保せよ！,大潮を旗艦とする艦隊を東部オリョール海に反復出撃、同方面敵艦隊を完全撃滅せよ！,8,4
613,資源の再利用,「工廠」で余剰の装備アイテムをなるべく多く「廃棄」して、鋼材の再利用に努めよう！,6,2
219,「三川艦隊」出撃せよ！,新編成した「三川艦隊」で出撃せよ！,2,4
257,「水雷戦隊」南西へ！,軽巡旗艦の水雷戦隊(軽巡最大3隻他駆逐艦)を急派、南西諸島防衛線で敵を撃滅せよ！,2,3
262,「西村艦隊」南方海域へ進出せよ！,「西村艦隊」を南方海域に進出させ、敵主力艦隊へ突入、これを撃滅せよ！,2,4
244,「第三十駆逐隊(第一次)」出撃せよ！,「第三十駆逐隊(第一次)」を含む艦隊で出撃し、キス島沖の主力艦隊と交戦せよ！,2,4
254,「軽空母」戦隊、出撃せよ！,軽空母1～2隻、軽巡1隻、駆逐艦3～4隻の艦隊でカムラン半島の敵を撃滅せよ！,2,4
806,旗艦「霞」出撃！敵艦隊を撃滅せよ！,旗艦「霞改二」で駆逐艦3隻を含む艦隊で南西諸島沖ノ島沖に突入！敵主力を撃滅せよ！,8,4
814,強行高速輸送部隊、出撃せよ！,「江風改二」「時雨改二」「川内改二」他駆逐2隻を含む艦隊で、ジャム島攻略作戦を実施せよ！,8,4
811,南西諸島防衛線を強化せよ！,南西諸島防衛線に有力な艦隊を展開、同方面に来襲する敵艦隊を五回以上撃滅せよ！,8,4
297,「礼号作戦」実施せよ！,精強な「水上反撃部隊」で、南西諸島沖ノ島沖に突入！同海域の敵戦力を撃滅せよ！,2,4
162,新編「第二一戦隊」出撃準備！,「那智改二」「足柄改二」及び「多摩」「木曾」を基幹とした、第二一戦隊を編成せよ！,1,4
619,装備の改修強化,「改修工廠」で「装備」の改修強化に努めます。,6,1
132,「第十八駆逐隊」を編成せよ！,「霞」「霰」「陽炎」「不知火」4隻による第十八駆逐隊を編成せよ！,1,4
275,抜錨！「第十八戦隊」,「天龍」「龍田」を基幹戦力とした「第十八戦隊」で出撃し、オリョール海の敵主力を撃滅せよ！,2,4
266,「水上反撃部隊」突入せよ！,駆逐艦を旗艦とした重巡1隻軽巡1隻駆逐艦4隻からなる水上挺身部隊、沖ノ島沖に突入せよ！,2,3
415,遠洋潜水艦作戦の成果を拡大せよ！,「遠洋潜水艦作戦」を継続実施し、潜水艦隊の練度向上と敵艦隊漸減に努めよ！,4,4
246,二人でする初めての任務！,強い絆を結んだ艦娘を旗艦とした第一艦隊でリランカ島へ出撃、敵中枢を撃滅せよ！,2,4
809,強襲上陸作戦用戦力を増強せよ！,中部海域における航空偵察「K作戦」を実施しつつ、強襲上陸作戦用戦力の強化を図れ！,8,4
412,航空火力艦の運用を強化せよ！,「航空戦艦運用演習」を実施し、航空火力艦の運用の強化に努めよ！,4,4
417,囮機動部隊支援作戦を実施せよ！,「囮機動部隊支援作戦」を実施し、これを成功させよ！,4,4
805,旗艦「霞」北方海域を哨戒せよ！,旗艦「霞改二」で駆逐艦4隻を含む艦隊を北方海域に投入し、モーレイ海哨戒を実施せよ！,8,4
813,旗艦「大潮」出撃せよ！,「大潮改二」旗艦の有力な艦隊を北方AL海域に展開、北方海域戦闘哨戒を実施せよ！,8,4
248,「第三十駆逐隊」対潜哨戒！,「第三十駆逐隊(第二次)」は直ちに抜錨！鎮守府正面の対潜哨戒を実施せよ！,2,4
251,精鋭「第二航空戦隊」抜錨せよ！,錬成を終え再編成「二航戦」を基幹とした艦隊で、敵リランカ島を空襲、破砕せよ！,2,4
129,「第五艦隊」を編成せよ！,「那智」「足柄」「多摩」「木曾」を中核とした「第五艦隊」を編成せよ！,1,4
420,機動部隊の運用を強化せよ！,機動部隊遠征を実施、「MO作戦」及び「敵母港空襲作戦」を展開、これを成功させよ！,4,4
124,新「三川艦隊」を編成せよ！,「鳥海」「青葉」「衣笠」「加古」「古鷹」「天龍」からなる三川艦隊を編成せよ！,1,4
127,中規模潜水艦隊を編成せよ！,伊号潜水艦3隻以上からなる潜水艦隊を編成せよ！,1,4
144,主力戦艦部隊「第二戦隊」を編成せよ！,長門型2隻及び扶桑型2隻の計4隻の主力戦艦からなる第二戦隊を編成せよ！,1,4
278,「第一水雷戦隊」ケ号作戦、突入せよ！,北方突入準備を完了した「一水戦」で北方キス島に突入！包囲網を破り、友軍を救出せよ！,2,4
164,「第三航空戦隊」を編成せよ！,「瑞鶴改」を旗艦とし、「瑞鳳」「千歳」「千代田」を加えた4隻の空母部隊を編成せよ！,1,4
239,「第八駆逐隊」出撃せよ！,編成した「第八駆逐隊」を含む艦隊で出撃し、オリョール海の敵を撃滅せよ！,2,4
250,新編「第二航空戦隊」出撃せよ！,新編「二航戦」を基幹とした艦隊で、珊瑚諸島沖に出撃、敵機動部隊を撃滅せよ！,2,4
110,「妙高」型重巡姉妹の全４隻を編成せよ！,妙高型重巡洋艦「妙高」「那智」「足柄」「羽黒」を同一艦隊に配属せよ！,1,4
116,「水上機母艦」を配備せよ！,多数の水上偵察機を運用する「水上機母艦」を艦隊に配備せよ！,1,4
610,「大型艦建造」の準備！(その弐),大型艦建造の準備をします！「工廠」で装備アイテムを4回「廃棄」してみてください！,6,4
617,「伊良湖」の準備,「工廠」で不要な装備アイテムをいくつか「廃棄」して、新型給糧艦召喚の準備をしましょう！,6,4
634,新家具の準備,「工廠」で装備アイテムを9つ「廃棄」して、新家具の準備をします。,6,4
640,初夏の整理整頓,不要な装備を複数「廃棄」して、夏を迎える準備をしましょう！,6,4
151,「第二二駆逐隊」を編成せよ！,「皐月」「文月」「長月」他1隻計駆逐艦4隻による第二二駆逐隊を編成せよ！,1,4
240,「第十八駆逐隊」出撃せよ！,編成した「第十八駆逐隊」を含む艦隊で出撃し、北方海域モーレイ海の敵を撃滅せよ！,2,4
147,「西村艦隊」を再編成せよ！,「扶桑」「山城」「最上」「時雨」「満潮」を基幹とした西村艦隊を編成せよ！,1,4
247,「航空戦艦」抜錨せよ！,航空戦艦2隻を基幹とする艦隊で、西方海域カスガダマ島の敵勢力を撃破せよ！,2,4
258,「第二戦隊」抜錨！,「第二戦隊」を基幹とした艦隊でカレー洋に進出、反復出撃により敵海上兵力を撃滅せよ！,2,4
818,鎮守府近海航路の安全確保を強化せよ！,水雷戦隊を含む新編艦隊を鎮守府近海航路に出撃させ、同航路の安全確保に努めよ！,8,4
141,再編成「第二航空戦隊」を強化せよ！,「蒼龍改二」(※旗艦)及び「飛龍改二」を基幹とした二航戦(要駆逐艦2隻)を編成せよ！,1,4
807,「第三十一戦隊」出撃せよ！,第三十一戦隊(第一次)を鎮守府近海航路に出撃させ、同航路の安全確保に努めよ！,8,4
819,「第三十一戦隊」敵潜を制圧せよ！,第三十一戦隊(第一次)を鎮守府近海航路に再投入！反復出撃し、敵潜を制圧せよ！,8,4
154,海上突入部隊を編成せよ！,戦艦「比叡」「霧島」軽巡「長良」駆逐艦「暁」「雷」「電」による海上突入部隊を編成せよ！,1,4
243,南方海域珊瑚諸島沖の制空権を握れ！,南方海域珊瑚諸島沖に出撃し、敵機動部隊本体を捕捉撃滅、これに完全勝利せよ！,2,2
631,機種転換＆部隊再編,練度max「零戦52型丙(付岩井小隊)」搭載「瑞鶴」秘書艦で、「零戦62型(爆戦)」を2つ廃棄！,6,4
169,「新編成航空戦隊」を編成せよ！,空母2隻+航空戦艦/航空巡洋艦2隻+駆逐艦2隻の新航空戦隊を編成せよ！,1,4
222,「第六駆逐隊」出撃せよ！,「暁」「響」「雷」「電」による第六駆逐隊、出撃せよ！,2,4
245,式の準備！(最終),練度の高い(Lv.90～99)第一艦隊旗艦で出撃し、オリョール海の暁に勝利を刻め！,2,4
106,「重巡戦隊」を編成せよ！,重巡洋艦２隻を擁する重巡艦隊を編成せよ！,1,4
111,「扶桑」型戦艦姉妹の全２隻を編成せよ！,扶桑型戦艦「扶桑」「山城」を同一艦隊に配属せよ！,1,4
117,第２艦隊で空母機動部隊を編成せよ！,第２艦隊に空母を配備して、空母機動部隊を編成せよ！,1,4
120,「第六駆逐隊」を編成せよ！,「暁」「響」「雷」「電」4隻による第六駆逐隊を編成せよ！,1,4
413,(続)航空火力艦の運用を強化せよ！,「航空戦艦運用演習」を継続実施し、航空火力艦の運用の強化に引き続き努めよ！,4,4
301,はじめての「演習」！,他の提督(プレイヤー)の艦隊と「演習」を行おう！,3,4
612,輸送用ドラム缶の準備,「工廠」で装備アイテムを3回「廃棄」して、輸送用のドラム缶を準備します。,6,4
418,観艦式予行を実施せよ！,観艦式を実施する。予行として「観艦式予行」を複数回実施し、これを2回成功させよ！,4,4
815,「第一航空戦隊」西へ！,旗艦「赤城」同僚艦「加賀」を中核とする艦隊で、深海東洋艦隊漸減作戦を貫徹せよ！,8,4
252,戦艦「榛名」出撃せよ！,第二次改装実施した「榛名」を基幹とした艦隊で「南方海域」へ進出、敵艦隊主力を撃滅せよ！,2,4
616,機種転換,「零戦52型丙(六〇一空)」搭載空母を秘書艦にした状態で新たに「烈風」を2つ廃棄！,6,4
137,「第五戦隊」を編成せよ！,「妙高」「那智」「羽黒」を基幹とした第五戦隊を編成せよ！,1,4
145,戦艦を主力とした水上打撃部隊を編成せよ！,大和型・長門型・伊勢型・扶桑型のいずれか3隻と軽巡1隻他の水上打撃部隊を配備せよ！,1,4
293,「第三航空戦隊」南西諸島防衛線に出撃！,編成した「第三航空戦隊」を南西諸島防衛線に展開、敵侵攻艦隊を捕捉撃滅せよ！,2,4
307,艦隊の練度向上に努めよ！,作戦前に艦隊の練度向上を図る！本日中に「演習」で3回以上「勝利」をおさめよう！,3,4
122,「西村艦隊」を編成せよ！,「扶桑」「山城」「最上」「時雨」を基幹とした西村艦隊を編成せよ！,1,4
161,「第五航空戦隊」を再編成せよ！,「翔鶴」「瑞鶴」と随伴駆逐艦「朧」「秋雲」を基幹とした第五航空戦隊を再編成せよ！,1,4
156,「第一水雷戦隊」北方突入準備！,「阿武隈」を旗艦として「響」「初霜」「若葉」「五月雨」「島風」による一水戦を編成せよ！,1,4
406,第二次潜水艦派遣作戦,第二次潜水艦派遣作戦を成功させよう！,4,4
165,「第四航空戦隊」を編成せよ！,航空戦艦「伊勢改」及び「日向改」を基幹戦力とした第四航空戦隊を編成せよ！,1,4
108,「天龍」型軽巡姉妹の全２艦を編成せよ！,天龍型軽巡洋艦「天龍」「龍田」を同一艦隊に配属せよ！,1,4
629,「艦戦」隊の再編成,練度max「零戦52型(熟練)」搭載「瑞鶴」秘書艦で「零戦52型丙(六〇一空)」を廃棄！,6,4
615,機種転換,「九九式艦爆(江草隊)」搭載空母を秘書艦にした状態で新たに「彗星」を2つ廃棄！,6,4
312,上陸部隊演習,島嶼攻略部隊の練度向上のため、本日中に演習で4回以上「勝利」せよ！,3,4
820,新編「第八駆逐隊」出撃せよ！,新編「第八駆逐隊」を含む艦隊を鎮守府近海航路に出撃させ、同航路の安全確保に努めよ！,8,4
125,潜水艦隊を編成せよ！,伊号潜水艦2隻からなる潜水艦隊を編成せよ！,1,4
287,「第五航空戦隊」珊瑚諸島沖に出撃せよ！,再編成した「第五航空戦隊」を珊瑚諸島沖に展開、敵機動部隊を捕捉撃滅せよ！,2,4
115,第２艦隊を編成せよ！,二つ目の艦隊、第２艦隊の旗艦を指定して、第２艦隊を編成せよ！,1,4
632,機種転換,練度max「零戦21型(付岩本小隊)」搭載「瑞鶴」秘書艦で、「零戦52型」を2つ廃棄！,6,4
261,海上輸送路の安全確保に努めよ！,鎮守府正面の対潜哨戒を反復実施し、安全な海上輸送路を確保せよ！,2,2
230,敵潜水艦を制圧せよ！,対潜能力の充実した艦隊で出撃、敵潜水艦狩りを実施せよ！,2,1
821,精鋭「八駆第一小隊」対潜哨戒！,「第八駆逐隊第一小隊」を含む艦隊で鎮守府正面対潜哨戒を反復実施！敵潜を圧倒せよ！,8,4
624,試作艤装の準備,「工廠」で装備アイテムを7つ「廃棄」して、「試製甲板カタパルト」を準備します。,6,4
205,接近する「敵前衛艦隊」を迎撃せよ！,南西諸島沖に接近する「敵前衛艦隊」を捕捉、これを撃滅せよ！,2,4
309,北方再突入に備え、練度向上に努めよ！,艦隊再突入に備え、艦隊練度向上を図る！本日中に「演習」で4回以上「勝利」せよ！,3,4
166,「小沢艦隊」を編成せよ！,「瑞鶴改」旗艦、空母「瑞鳳改」「千歳」「千代田」及び「伊勢改」「日向改」を配備せよ！,1,4
635,新装備の準備,「工廠」で装備アイテムを5つ「廃棄」して、新装備配備の準備をします。,6,4
633,機種転換＆部隊再編,部隊を再編する！練度max「零戦52型甲(付岩本小隊)」搭載「瑞鶴」秘書艦で、「彩雲」を2つ廃棄！,6,4
419,観艦式を敢行せよ！,練度の高い艦隊で観艦式本番を実施する。「観艦式」を実施し、これを成功させよ！,4,4
294,「小沢艦隊」出撃せよ！,「小沢艦隊」を沖ノ島海域前面に展開し、侵攻する敵機動部隊を捕捉、これを撃滅せよ！,2,4
208,「戦艦」を出撃させよ！,海上の覇者、戦艦を旗艦とした艦隊を編成、これを出撃させよ！,2,4
107,「空母機動部隊」を編成せよ！,空母1隻以上を旗艦とし、その護衛艦艇と共に、空母機動部隊を編成せよ！,1,4
109,「川内」型軽巡姉妹の全３艦を編成せよ！,川内型軽巡洋艦「川内」「神通」「那珂」を同一艦隊に配属せよ！,1,4
209,「空母機動部隊」出撃せよ！,空母1隻とその護衛艦艇で構成した空母機動部隊を出撃させよ！,2,4
270,「第二二駆逐隊」出撃せよ！,「第二二駆逐隊」を含む艦隊で南西諸島防衛線に出撃、敵主力艦隊を撃滅せよ！,2,4
206,「水雷戦隊」で出撃せよ！,軽巡洋艦1隻を旗艦とし、複数の駆逐艦からなる水雷戦隊で出撃せよ！,2,4
121,「第四戦隊」を編成せよ！,「愛宕」「高雄」「鳥海」「摩耶」を基幹とした第四戦隊を編成せよ！,1,4
630,「艦戦」隊の再編成,練度max「零戦21型(熟練)」搭載「瑞鶴」が秘書の状態で、「零戦21型」を2つ廃棄！,6,4
207,「重巡洋艦」を出撃させよ！,重巡洋艦を旗艦とした艦隊を編成、これを出撃させよ！,2,4
103,「水雷戦隊」を編成せよ！,軽巡洋艦を旗艦とし、数隻の駆逐艦で構成される「水雷戦隊」を編成せよ！,1,4
204,南西諸島沖に出撃せよ！,南西諸島沖に艦隊を出撃させ、敵艦隊と交戦せよ！,2,4
501,はじめての「補給」！,補給は大事です！燃料・弾薬を艦に「補給」しよう！,5,4
603,はじめての「解体」！,「工廠」で不要な艦を「解体」してみよう！,6,4
701,はじめての「近代化改修」！,任意の艦を近代化改修(合成)して、強化せよ！,7,4
306,式の準備！(その弐),本日中に「演習」で2回以上「勝利」をおさめ、式への気持ちを整理しよう！,3,4
409,潜水艦派遣による海外艦との接触作戦,有力な潜水艦隊派遣による海外艦との接触作戦を成功させよ！,4,4
113,戦艦と重巡による主力艦隊を編成せよ！,戦艦1隻以上、重巡2隻以上を主力とした水上打撃艦隊を編成せよ！,1,4
704,「大型艦建造」の準備！(その壱),大型艦/新型艦建造のための準備を行う。任意の艦で近代化改修を4回成功させよ！,7,4
622,機種転換,「九七式艦攻(村田隊)」搭載「翔鶴」を秘書艦にして、新たに「天山」を2つ廃棄！,6,4
623,精鋭「九七式艦攻」部隊の編成,「翔鶴」または「赤城」を秘書艦にした状態で新たに「九七式艦攻」を3つ廃棄！,6,4
217,敵空母を撃沈せよ！,敵機動部隊を捕捉し、これを邀撃、敵空母を轟沈せよ！,2,4
627,機種転換,「零戦21型(熟練)」搭載空母を秘書艦にして、新たに「零戦52型」を2つ廃棄！,6,4
636,上陸戦用新装備の調達,「工廠」で「7.7mm機銃」及び「12.7mm単装機銃」を二つずつ廃棄！,6,4
604,はじめての「廃棄」！,「工廠」で装備アイテムを「廃棄」してみよう！,6,4
502,はじめての「入渠」！,戦闘で傷ついた艦を「入渠」させて修理して、次の出撃に備えよう！,5,4
408,潜水艦派遣作戦による技術入手の継続！,第三次及び第四次潜水艦派遣作戦を成功させ、他国製技術の導入に努めよ！,4,4
618,はじめての「装備改修」！,「改修工廠」で「装備」を改修してみましょう！明石さん、お願いします！,6,4
308,演習を強化、艦隊の練度向上に努めよ！,艦隊のさらなる練度向上を図る！本日中に「演習」で4回以上「勝利」をおさめよう！,3,4
602,はじめての「開発」！,「工廠」でボーキサイトなどの資材を使って新しい装備アイテムを「開発」しよう！,6,4
105,軽巡２隻を擁する隊を編成せよ！,軽巡洋艦２隻を擁する高速艦隊を編成せよ！,1,4
625,試製航空艤装の追加試作,「工廠」で装備アイテムを9つ「廃棄」して、「試製甲板カタパルト」を追加試作します。,6,4
611,式の準備！(その壱),式の準備をします！「工廠」で装備アイテムを2回「廃棄」して身の回りの整理を！,6,4
215,第２艦隊、出撃せよ！,新たに編成した「第２艦隊」を出撃させよ！,2,4
104,６隻編成の艦隊を編成せよ！,全6隻で構成される主力艦隊を編成せよ！,1,4
401,はじめての「遠征」！,艦隊を「遠征」に出発させよう！,4,4
101,はじめての「編成」！,２隻以上の艦で構成される「艦隊」を編成せよ！,1,4
202,はじめての「出撃」！,艦隊を出撃させ、敵艦隊と交戦せよ！,2,4
601,はじめての「建造」！,「工廠」で鋼材などの資材を使って新しい艦を「建造」しよう！,6,4
102,「駆逐隊」を編成せよ！,駆逐艦４隻以上で構成される「駆逐隊」を編成せよ！,1,4
242,敵東方中枢艦隊を撃破せよ！,西方海域カスガダマ島沖に出撃し、敵東方中枢艦隊を捕捉、これを撃破せよ！,2,2
203,鎮守府正面海域を護れ！,鎮守府正面海域に艦隊を出撃させ、敵艦の跳梁を阻止せよ！,2,4
614,機種転換,「九七式艦攻(友永隊)」搭載空母を秘書艦にした状態で新たに「天山」を2つ廃棄！,6,4
212,敵輸送船団を叩け！,敵の輸送船5隻以上を撃沈し、敵の補給路を寸断せよ！,2,5
641,「航空基地設営」事前準備,「航空基地設営」の事前準備を開始する。「ドラム缶(輸送用)」を二つ「工廠」で廃棄し、「7.7mm機銃」及び「九六式艦戦」を各二つずつ用意せよ！(任務達成後、用意した必要装備は消滅します),6,4
313,秋季大演習,秋の一日中に「演習」で8回以上「勝利」をおさめ、艦隊のさらなる練度に努めよ！,3,4
825,水雷戦隊、南西諸島海域を哨戒せよ！,水雷戦隊を基幹とした有力な艦隊で南西諸島海域バシー島沖及び東部オリョール海を哨戒、<br>同海域に遊弋する敵艦隊を捕捉、これを撃滅せよ！,8,4
642,「陸攻」隊の増勢,「基地航空隊」開設に向け、「陸攻」の追加調達を行う。「7.7mm機銃」及び<br>「九九式艦爆」を各二つずつ準備せよ！(任務達成後、同装備は消滅します),6,4
643,主力「陸攻」の調達,主力陸上攻撃機「一式陸攻」の新規調達を行う。「零式艦戦21型」を二つ「工廠」で廃棄し、<br>「九六式陸攻」一つと「九七式艦攻」二つを準備せよ！(任務達成後、用意した必要装備は消滅します),6,5
644,「一式陸攻」性能向上型の調達,「一式陸攻」性能向上型の配備を行う。「一式陸攻」一つと「天山」二つを準備せよ！<br>(任務達成後、用意した必要装備は消滅します/「一式陸攻」の熟練度は継承されます),6,4
49,【循环任务】中级：第二阶段,2-3海域最深处取得S胜以上 2次,2,5
21,【主线任务】通关3-2！,到达3-2最深处并取得S胜,2,4
35,【每日任务】演习3次,进行3次演习,3,1
38,【每日任务】远征3次,任意远征成功3次 ,4,1
36,【每日任务】演习5次,进行5次演习 ,3,1
39,【每日任务】远征10次 ,任意远征成功10次,4,1
42,【每日任务】建造4次,任意建造4次,6,1
40,【每周任务】全力远征！,任意远征30次,4,2
43,【每日任务】合成2次,合成成功2次,7,1
32,【每日任务】出击3次,任意出击3次,2,1
41,【每日任务】开发4次,开发4次（成功失败都行）,6,1
22,【主线任务】通关3-3！,到达3-3最深处并取得S胜,2,4
33,【每日任务】出击10次,任意出击3次,2,1
23,【主线任务】通关3-4！,到达3-4最深处并取得S胜,2,4
24,【主线任务】通关4-1！,到达4-1最深处并取得S胜,2,4
177,「第十九駆逐隊」を編成せよ！,特型駆逐艦「磯波」「浦波」「綾波」「敷波」4隻による第十九駆逐隊を編成せよ！,1,4
646,「特注家具」の調達,"「25mm単装機銃」一つを廃棄、家具コイン5,000と「25mm連装機銃」及び「25mm三連装機銃」を各<br>二つ準備せよ！　※任務達成後、用意した家具コイン及び必要装備(改修値の低いもの優先)は消滅します。",6,4
645,「洋上補給」物資の調達,「三式弾」一つを廃棄し、燃料750及び弾薬750と「ドラム缶(輸送用)」二つと「九一式徹甲弾」一つを<br>用意せよ！※任務達成後、用意した資源及び必要装備(徹甲弾は改修値の低いもの優先)は消滅します。,6,3
826,「第十九駆逐隊」出撃せよ！,特型駆逐艦4隻による「第十九駆逐隊」を鎮守府近海に展開！<br>鎮守府正面対潜哨戒を実施し、跳梁する敵潜部隊の制圧に努めよ！,8,4
827,「第十九駆逐隊」敵主力に突入せよ！,「第十九駆逐隊」を含む有力な艦隊を編成し、南西諸島海域沖ノ島沖に展開！<br>同方面に遊弋する敵主力を捕捉、これを撃破せよ！,8,4
45,【循环任务】初级：第一阶段,1-1海域最深处取得S胜以上 2次,2,5
14,【主线任务】通关1-3！,到达1-3最深处并取得S胜,2,4
46,【循环任务】初级：第二阶段,1-2海域最深处取得S胜以上 2次,2,5
47,【循环任务】初级：第三阶段,1-3海域最深处取得S胜以上 2次,2,5
34,【每周任务】全力出击！,任意出击60次,2,2
15,【主线任务】通关1-4！,到达1-4最深处并取得S胜,2,4
647,中部海域「基地航空隊」展開！,「ドラム缶(輸送用)」二つを廃棄、燃料1200及びボーキサイト3000、さらに「設営隊」一つを準備せよ！<br>※任務達成後、用意した資源及び「設営隊」は消滅します。,6,4
828,飛行場設営の準備を実施せよ！,中部海域における航空偵察「K作戦」を再度実施、さらに同方面に遊弋する敵艦隊を撃滅し、<br>中部海域における飛行場設営の準備を実施せよ！,8,4
830,夜の海を照らす「灯り」を入手せよ！,有力な艦隊をカムラン半島に投入、同方面に出没する敵艦隊を捕捉、これを撃滅せよ！<br>そして、夜を照らす「灯り」を入手せよ！　ある季節は夜戦以外にも使い道があるようだ！,8,4
829,夜間突入！敵上陸部隊を叩け！,南方サブ島沖海域へ精鋭艦隊を突入！敵艦隊の邀撃を突破し、同方面の敵上陸部隊を叩け！,8,4
831,秋刀魚漁：きらりーん！秋刀魚漁支援！,秋刀魚漁の漁場に展開、遊弋する敵艦隊を撃破して、「秋刀魚」を三尾入手せよ、ですって！<br>近海、北方海域、中部海域のどこかに秋刀魚漁に適した漁場があるみたい！,8,4
832,秋刀魚漁：もっともーっと、秋刀魚漁！,ちょおっと大変だけど、漁場の安全を確保して「秋刀魚」を八尾確保するんだって！<br>あまり乱獲したり、暫く同じ海域で続けてると獲れにくくなるみたい。海域を変えてみましょ！,8,4
833,秋刀魚漁：最新鋭の秋刀魚漁！もっとぉ！,かなーり大変だけれど、ほら、私たち最新鋭の秋刀魚漁支援艦隊じゃない？<br>最新鋭、最新鋭、最新鋭の秋刀魚漁、張り切っていきましょー！よろしくお願いしまぁーす！,8,4
178,「第十六戦隊(第三次)」を編成せよ！,「鬼怒」「青葉」「北上」「大井」を擁する、第十六戦隊(第三次)を編成せよ！,1,4
834,南西諸島防衛線を増強せよ！,水上機母艦または航空巡洋艦を旗艦とする有力な艦隊を南西諸島防衛線に投入、<br>水上機戦力によって同防衛線を強化、同方面の敵艦隊を撃滅せよ！,8,4
835,「第十六戦隊(第三次)」出撃せよ！,「第十六戦隊(第三次)」を沖ノ島海域前面に展開、敵主力艦隊を捕捉、これを撃破せよ！,8,4
179,精鋭「第十六戦隊」を再編成せよ！,「鬼怒改二」を旗艦として、「北上改二」「大井改二」「球磨改」及び<br>「青葉改」「浦波改」「敷波改」から5隻、計6隻の精鋭「第十六戦隊」を再編成せよ！,1,4
836,精鋭「第十六戦隊」突入せよ！,再編成を完了した精鋭「第十六戦隊」を南西諸島海域沖ノ島沖に展開、<br>同方面に遊弋する敵主力を捕捉、これを撃破せよ！,8,4
837,輸送作戦を成功させ、帰還せよ！,「鬼怒改二」を旗艦、僚艦に「浦波改」他駆逐艦3隻の計5隻の艦隊で<br>バシー島沖における柳輸送作戦を実施、同輸送作戦を完全成功させ、帰還せよ！,8,4
314,冬季大演習,冬の一日中に「演習」で8回以上「勝利」をおさめ、艦隊のさらなる練度に努めよ！,3,4
422,潜水艦派遣作戦による航空機技術入手,潜水艦派遣作戦により、新型航空機技術の導入に努めよ！,4,4
648,「特注家具」の調達,"「12.7cm連装高角砲」二つを廃棄し、家具コイン5,000と「14cm単装砲」及び「15.2cm単装砲」を各二つずつ準備せよ！　※任務達成後、用意した家具コイン及び必要装備(低改修を優先)は消費します。",6,4
838,重巡戦隊、抜錨せよ！,重巡4隻を基幹戦力とした重巡旗艦の艦隊を南西諸島海域東部オリョール海に展開し、<br>同海域の敵艦隊を撃滅、制海権を確保せよ！,8,4
649,新機軸偵察機の開発,新機軸の偵察機の調達を行う。「零式水上偵察機」を二つ「工廠」で廃棄し、<br>「一式陸攻」一つと「彩雲」二つを準備せよ！(任務達成後、用意した必要装備は消費します),6,4
839,戦艦戦隊、出撃せよ！,戦艦2隻を中核戦力とする戦艦旗艦の艦隊を北方海域アルフォンシーノ方面に進出させ、<br>同海域の敵艦隊を撃滅、北方海域の制海権確保に努めよ！,8,4
705,航空艤装の近代化改修,"鉄鋼5,500及びボーキサイト2,500を準備して、任意の正規空母の近代化改修を<br>[航空母艦]x5隻同時使用により2回成功させよ！※任務達成後、準備した資源は消費します。",7,4
650,噴式戦闘爆撃機の開発,ネ式エンジンを搭載した新型戦闘爆撃機の開発を行う。「紫電改二」三つを「工廠」で廃棄し、「新型航空機設計図」二つと「ネ式エンジン」一つを準備せよ！(任務達成後、用意した必要アイテムは消費します),6,4
423,潜水艦派遣作戦による噴式技術の入手,"鉄鋼5,000及びボーキサイト1,500を準備して、潜水艦派遣作戦により<br>噴式エンジン技術の導入に努めよ！※任務達成後、準備した資源は消費します。",4,4
651,ネ式エンジンの増産,"噴式航空機生産のため、ネ式エンジンの増産を行う。「零式艦戦52型」三つを「工廠」で廃棄し、「流星」「烈風」各二つと鉄鋼8,000を準備せよ！※任務達成後、用意した必要装備と資源は消費します。",6,4
652,「特注家具」の調達,"主砲「12.7cm連装砲」を二つ廃棄、家具コイン5,000と「7.7mm機銃」及び「九六式艦戦」各二つずつ<br>準備せよ！　※任務達成後、用意した家具コイン及び必要装備(低改修値のもの優先)は消費します。",6,4
842,主力戦艦戦隊、抜錨せよ！,戦艦または航空戦艦2隻以上からなる強力な戦艦戦隊を中核とした艦隊を沖ノ島海域前面に展開、<br>侵攻する敵艦隊を捕捉、これを撃滅せよ！,8,4
840,冬季特別任務：精鋭「駆逐隊」、出撃！,駆逐艦4隻による精鋭「駆逐隊」を編成し、鎮守府正面海域及び南西諸島沖に出撃、<br>両海域の敵艦隊を捕捉、これを撃滅せよ！,8,4
841,冬季特別任務：水上機母艦、抜錨せよ！,水上機母艦を旗艦とし、護衛駆逐艦3隻を含む艦隊を編成、<br>製油所地帯沿岸及び南西諸島防衛線に展開、同海域に出没する敵艦隊を撃滅せよ！,8,4
843,節分特別出撃：制海権を確保せよ！,節分実施の準備として第1艦隊に4隻(内駆逐艦2隻含む)からなる精鋭艦隊を配備、鎮守府正面海域、<br>南西諸島沖、及び東部オリョール海へ展開、同海域の敵艦隊を撃滅し、節分の制海権を確保せよ！,8,4
844,精鋭「第八駆逐隊」突入せよ！,「荒潮改二」を旗艦とし、僚艦に「第八駆逐隊」から1隻を配備した精鋭第1艦隊で<br>サーモン海域北方に突入、同方面に接近する有力な敵艦隊を捕捉、同方面の敵戦力の漸減に努めよ！,8,4
653,節分特別任務：節分準備！,"「20.3cm連装砲(無印)」を二つ廃棄、家具コイン5,000と「12cm単装砲」「零式水上偵察機」各二つを準備せよ！　※任務達成後、用意した家具コイン及び必要装備(低改修値のもの優先)は消費します。",6,4
655,「彩雲」輸送分解,彩雲分解任務：「零式水上偵察機」一つを廃棄、開発資材x20と「彩雲」一つを準備せよ！<br>※任務達成後、用意した開発資材及び必要装備(低改修値のもの優先)は消費します。,6,4
654,【丙】作戦「彩雲」調達＆輸送分解,彩雲調達＆分解任務：「零式水上偵察機」一つを廃棄、開発資材x10と「九七式艦上攻撃機(無印)」一つを準備せよ！※任務達成後、用意した開発資材及び必要装備(低改修値のもの優先)は消費します。,6,4
845,敵大規模泊地の後方兵站線を分断せよ！,敵の大規模泊地の後方兵站線を分断する！敵泊地の北東にある敵離島拠点を攻撃し、同拠点を無力化、<br>補強兵站線を破壊することで、敵大規模泊地の防衛力低下を図れ！,8,4
846,潜水艦隊、中部海域の哨戒を実施せよ！,潜水艦を旗艦とし、4隻以上の有力な潜水艦を配備した第一艦隊、精鋭潜水艦隊で<br>中部海域哨戒線に進出、回航中の敵空母を捕捉、これを襲撃せよ！,8,4
657,春の準備任務：桃の節句準備！,"春の準備任務：「14cm単装砲」を二つ廃棄、家具コイン5,000と「九九式艦爆」「61cm三連装魚雷」各二つを準備せよ！　※任務達成後、用意した家具コイン及び必要装備(低改修値のもの優先)は消費します。",6,4
847,春の準備任務：桃の節句準備を完遂せよ！,春の準備任務：艦隊を東部オリョール海に反復出撃、同方面敵艦隊を覆滅し、<br>同海域周辺の制海権を完全に確保、桃の節句を迎える準備を完遂せよ！,8,4
848,重装甲巡洋艦、鉄底海峡に突入せよ！,第一艦隊旗艦に「Zara due」を配備、同艦隊で南方サブ島沖海域へ突入！同方面の敵艦隊群を突破し、鉄底海峡に展開する敵戦力を撃破せよ！,8,4
656,六三一空「晴嵐」隊の編成,秘書艦に「伊401」または「伊14」または「伊13」を配備。「晴嵐」を一番スロットに搭載。「瑞雲(六三一空)」を二番スロットに搭載。「晴嵐(六三一空)」を新編せよ！　※任務達成後瑞雲は消滅します。,6,4
658,潜水艦武装の強化,「61cm三連装魚雷」を四つ廃棄、開発資材x120と「61cm四連装(酸素)魚雷」「九三式水中聴音機」各三つを準備せよ！　※任務達成後、用意した開発資材及び必要装備(低改修値のもの優先)は消費します。,6,4
659,精鋭「水戦」隊の新編成,精鋭飛行隊の新編成：練度max及び改修maxの「二式水戦改」を一番スロットに搭載した秘書艦で、<br>「零式艦戦21型」x2「瑞雲」x2を廃棄！　※新飛行隊を編成する「熟練搭乗員」が必要です。,6,4
850,洋上航空戦力を拡充せよ！,航空母艦、または水上機母艦を旗艦とした有力な艦隊を編成、北方AL海域、<br>西方海域カスガダマ沖 、中部海域MS諸島沖に展開し、各海域の敵艦隊を撃滅せよ！,8,4
849,南西諸島方面の敵艦隊を撃破せよ！,軽巡を旗艦とした艦隊を編成し、南西諸島防衛線、バシー島沖及び<br>東部オリョール海に展開、同海域に遊弋する敵艦隊を撃破せよ！,8,4
660,精鋭「水戦」隊の増勢,精鋭飛行隊の増勢：練度max及び改修maxの「二式水戦改」を一番スロットに搭載した秘書艦で、<br>「零式艦戦21型」x2「瑞雲」x2を廃棄！　※新飛行隊を編成する「熟練搭乗員」が必要です。,6,4
,,,,
315,春季大演習,春の一日中に「演習」で8回以上「勝利」をおさめ、艦隊の練度向上に努めよ！,3,4
851,改装航空巡洋艦、出撃！,改装航空巡洋艦「鈴谷改二」を旗艦とした精強な艦隊を編成、同艦隊を南方海域に展開、<br>南方海域前面、及びサブ島沖海域に遊弋する敵艦隊群を捕捉、これを撃破せよ！,8,4
853,鎮守府海域警戒を厳とせよ！,巡洋艦クラスを旗艦に配備、2隻以上の駆逐艦を擁する警戒艦隊を編成せよ。同警戒艦隊を以て、<br>鎮守府海域(南西諸島/製油所地帯沿岸/南西諸島防衛線/鎮守府近海)の警戒任務にあたれ！,8,4
854,戦果拡張任務！「Z作戦」前段作戦,戦果拡張作戦：我が第一艦隊に精鋭艦艇を集中配備、同精鋭艦隊を以て、南西諸島の沖ノ島海域、<br>中部海域哨戒線、グアノ環礁沖の敵艦隊を撃破、中部北海域ピーコック島の敵戦力を破砕殲滅せよ！,8,5
852,改装攻撃型軽空母、前線展開せよ！,改装航空母艦「鈴谷航改二」を旗艦とした精強な機動部隊を編成、同艦隊を中部海域に進出。<br>MS諸島沖、KW環礁沖海域に展開し、同海域の敵機動部隊を捕捉、これを撃滅せよ！,8,4
180,新編「第一戦隊」を編成せよ！,編成任務：第一艦隊に新改装された長門型戦艦一番艦「長門改二」及び同二番艦「陸奥改」からなる<br>新編第一戦隊を配備せよ！,1,4
424,輸送船団護衛を強化せよ！,遠征任務：「海上護衛任務」を反復実施し、輸送船団の護衛に務めよ！,4,3
855,海上護衛体制の強化に努めよ！,海上護衛作戦：駆逐艦または海防艦3隻以上を含む護衛艦隊を編成し、鎮守府海域の製油所地帯沿岸、<br>南西諸島防衛線、鎮守府近海、鎮守府近海航路にそれぞれ展開、各海域における作戦を成功させよ！,8,4
856,新編「第一戦隊」、抜錨せよ！,新編「第一戦隊」出撃任務：戦艦「長門改二」を旗艦、二番艦に「陸奥改」を配備した第一艦隊で出撃！<br>カレー洋リランカ島沖、サーモン海域北方に展開し、同海域の敵艦隊主力を捕捉、これを撃滅せよ！,8,4
181,新編「第七戦隊」を編成せよ！,編成任務：第一艦隊旗艦に新改装された改鈴谷型「熊野改二」、同二番艦に「鈴谷改二」、<br>僚艦に「最上改」「三隈改」を配した新編第七戦隊を配備せよ！,1,4
661,新型砲墳兵装、戦力化開始！,"工廠任務：新型砲墳兵装の開発及び同戦力化を開始する。「副砲」系装備x10を廃棄、<br>鉄鋼6,000を準備せよ！　※任務達成後、準備した資源は消費します。",6,4
857,増強海上護衛総隊、抜錨せよ！,出撃任務：軽巡1隻以上、駆逐艦または海防艦2隻以上、さらに航空巡洋艦または軽空母で増強した<br>第一護衛艦隊を第一艦隊に編成、南西諸島海域の各海域に展開、敵艦隊を撃破、各作戦を成功させよ！,8,4
662,新型艤装の開発研究,"工廠任務：新型艤装の開発研究を実施する。「中口径主砲」系装備x10を廃棄、鉄鋼12,000を準備せよ！<br>※任務達成後、準備した資源は消費します。「勲章」と「新型砲墳兵装資材」の獲得選択が可能です。",6,4
858,新編「第七戦隊」、出撃せよ！,出撃任務：新編「第七戦隊」を出撃！　カレー洋リランカ島沖「深海東洋艦隊漸減作戦」、<br>MS諸島沖「MS諸島防衛戦」において、敵艦隊主力を捕捉、これを撃滅せよ！,8,4
425,海上護衛総隊、遠征開始！,遠征任務：遠征任務「対潜警戒任務」「海上護衛任務」「タンカー護衛任務」を実施、<br>軽巡、駆逐艦、海防艦などから編成された護衛艦隊で各遠征を成功させよ！,4,4
663,新型艤装の継続研究,"工廠任務：新型艤装の開発を継続実施する。「大口径主砲」系装備x10を廃棄、鉄鋼18,000を準備せよ！<br>※任務達成後、準備した資源は消費します。「勲章」と「新型砲熕兵装資材」の獲得選択が可能です。",6,5
183,新編「第四水雷戦隊」を編成せよ！,編成任務：第一艦隊旗艦に「由良改二」を配備、随伴艦に二駆「村雨」「夕立」「春雨」「五月雨」<br>他1隻の駆逐艦を配備、新編「第四水雷戦隊」を編成せよ！,1,4
182,精鋭「第四航空戦隊」を再編成せよ！,編成任務：第一艦隊旗艦及び同二番艦に練度50以上の航空戦艦「伊勢」「日向」を配備、<br>随伴艦に軽巡洋艦1隻、駆逐艦2隻他を伴う精鋭「第四航空戦隊」を再編成せよ！,1,4
664,電探技術の射撃装置への活用,"工廠任務：電探技術の射撃装置への活用を研究する。「電探」系装備x10を廃棄、弾薬及び鉄鋼を各8,000<br>準備せよ！※任務達成後、準備した資源は消費します。「勲章」と「兵装資材」の獲得選択が可能です。",6,4
665,民生産業への協力,"工廠任務：軍需物資を放出し、民生産業に協力する。「小口径主砲」系装備x16を廃棄、燃料12,000を<br>準備せよ！※任務達成後、準備した資源は消費します。「勲章」と「兵装資材」の獲得選択が可能です。",6,4
859,精鋭「第四航空戦隊」、抜錨せよ！,精鋭「第四航空戦隊」出撃任務：精鋭航空戦艦を主戦力に再編された「第四航空戦隊」、抜錨せよ！<br>沖ノ島沖戦闘哨戒及び北方AL海域戦闘哨戒を実施、同方面の敵艦隊主力を捕捉、これを撃破せよ！,8,4
860,旗艦「由良」、抜錨！,出撃任務：旗艦に「由良改二」、随伴艦に二駆「村雨」「夕立」「春雨」「五月雨」及び「秋月」から<br>二隻以上を配備した第一艦隊を展開、東部オリョール海及び南方海域前面の敵戦力を撃滅せよ！,8,4
666,精鋭「瑞雲」隊の編成,秘書艦「日向改」の四番スロットに改修max「瑞雲(六三四空)」を搭載して、ドラム缶(輸送用)x2を廃棄。<br>さらに「九九式艦爆」x2「瑞雲」x2を用意せよ！　※新飛行隊を編成する「熟練搭乗員」が必要です。,6,4
426,海上通商航路の警戒を厳とせよ！,遠征任務：遠征任務「警備任務」「対潜警戒任務」「海上護衛任務」「強行偵察任務」<br>を実施し、敵の通商破壊部隊を制圧、海上通商航路の安全を確保せよ！,4,5
667,民生産業への協力を継続せよ！,"工廠任務：軍需物資を放出し、民生産業への協力を継続する。「機銃」系装備x10を廃棄、鉄鋼15,000を<br>準備せよ！※任務達成後、準備した資源は消費します。「特注家具職人」と「勲章」の獲得選択が可能。",6,4
668,新型戦闘糧食の試作,料理任務：手軽に食事をとることができて、なおかつ美味しく腹にがっつりたまる新型の戦闘糧食を<br>開発する。「戦闘糧食」x2と燃料800及びボーキサイト150を用意せよ！油入れ送気開始！調理始め！,6,4
861,強行輸送艦隊、抜錨！,航路護衛任務：航空戦艦(または補給艦でも可)2隻を中核とした艦隊で、鎮守府近海航路における<br>輸送船団護衛作戦を実施。同輸送護衛作戦を2回成功させよ！,8,5
862,前線の航空偵察を実施せよ！,偵察任務：水上機母艦1隻と軽巡2隻を中核とした偵察艦隊を、中部海域グアノ環礁沖海域に展開、<br>航空偵察作戦「K作戦」を反復実施せよ！さらに同方面の敵艦隊を捕捉、敵戦力の撃破に努めよ！,8,5
184,精鋭「第二二駆逐隊」を再編成せよ！,編成任務：「文月改二」「皐月改二」「水無月改」「長月改」の精強駆逐艦4隻の編成による<br>精鋭第二二駆逐隊を再編成せよ！,1,4
863,精鋭「第二二駆逐隊」出撃せよ！,出撃任務：再編した精鋭「第二二駆逐隊」を含む精強な水雷戦隊で北方海域キス島沖に出撃、<br>キス島撤退作戦を完全成功させよ！,8,4
185,精強「任務部隊」を編成せよ！,編成任務：第一艦隊旗艦に「Saratoga Mk.II」または同「Mod.2」を配備、随伴艦に<br>軽巡洋艦1隻、駆逐艦2隻以上を配した夜間作戦可能な機動部隊を新編せよ！,1,4
316,輸送部隊の練度向上に努めよ！,演習任務：輸送部隊の練度向上を図る！本日中に演習で4回以上「勝利」せよ！,3,4
864,精強大型航空母艦、抜錨！,出撃任務：「Saratoga Mk.II」または同「Mod.2」を旗艦とした「任務部隊」で、南方海域サーモン海域<br>北方及び中部海域MS諸島沖に展開、同海域敵戦力を捕捉撃滅、「MS諸島防衛戦」を成功させよ！,8,4
669,夜戦型艦上戦闘機の開発,"練度&改修maxの「F6F-3」を秘書艦一番スロットに搭載、 「13号対空電探」x2 「22号対水上電探」x2<br>を廃棄、開発資材x30、改修資材x6、ボーキサイト5,000、「新型航空兵装資材」x1を準備せよ！",6,4
671,夜間作戦型艦上攻撃機の開発,"「TBF」を秘書艦一番スロットに搭載、「13号対空電探」x2「22号対水上電探」x2廃棄、開発資材x40<br>改修資材x10、弾薬5,000、ボーキサイト8,000、「新型航空兵装資材」x1、「熟練搭乗員」を用意せよ！",6,4
865,夜間作戦空母、前線に出撃せよ！,出撃任務：「Saratoga Mk.II」を旗艦とした第一艦隊を KW環礁沖海域に展開、敵機動部隊を迎撃！<br>「空母機動部隊迎撃戦」を見事成功させよ！　夜戦作戦空母、抜錨！　前線に出撃せよ！,8,4
670,夜戦型艦上戦闘機の性能強化,"練度&改修maxの「F6F-5」を秘書艦一番スロットに搭載、 「13号対空電探」x2 「22号対水上電探」x2<br>を廃棄、開発資材x40、改修資材x8、ボーキサイト6,000、「新型航空兵装資材」x1を準備せよ！",6,4
866,秋刀魚漁：「秋刀魚」を収獲する所存です！,秋刀魚漁支援：近海、北方海域、中部海域の秋刀魚漁漁場に展開、秋刀魚漁支援ですね？了解です！<br>漁場に遊弋する敵艦隊を撃破、秋刀魚漁を支援して、「秋刀魚」を四尾入手します！お任せください！,8,4
867,秋刀魚漁：漁を全力で支援する覚悟です！,秋刀魚漁支援：漁場の安全を確保して「秋刀魚」を12尾確保ですね？少し大変そうですが、了解です！<br>あまり乱獲しては不漁になってしまいますね！適切に漁場を休ませつつ、海域も変えてみましょう！,8,4
868,秋刀魚漁：どーんっ！揚げ揚げで大漁です！,秋刀魚漁支援：どーん！秋刀魚漁の総仕上げもアゲアゲでまいりましょう！そうです、揚げ揚げです！<br>漁場の深海棲艦を制圧して安全を確保、不漁なんてどーんとはねかえしていきましょう！いっけぇー！,8,4
869,補給線の安全を確保せよ！,軽巡クラスの艦隊旗艦と2隻以上の駆逐艦または海防艦を中核とした警戒艦隊を編成、同艦隊で<br>鎮守府海域(製油所地帯沿岸/南西諸島防衛線/鎮守府近海)の警戒と補給線安全確保にあたれ！,8,4
427,遠征「補給」支援体制を強化せよ！,遠征補給支援体制の強化：鋼材800を用意し、遠征任務「兵站強化任務」を実施。<br>同遠征任務を成功させ、艦隊遠征時における「補給」支援体制の拡充に努めよ！,4,4
428,近海に侵入する敵潜を制圧せよ！,敵潜制圧任務：遠征任務「対潜警戒任務」「海峡警備行動」「長時間対潜警戒」を<br>それぞれ複数回実施し、近海に潜り込む敵潜部隊を制圧、我が領海から叩き出せ！,4,5
870,「第八駆逐隊」、南西へ！,第八駆逐隊任務：「第八駆逐隊」を含む艦隊で、鎮守府海域南西諸島沖、及び南西諸島海域バシー島沖に<br>展開！同海域に跳梁する敵艦隊戦力を捕捉、これを撃滅せよ！,8,4
186,最精鋭「第八駆逐隊」を編成せよ！,精鋭駆逐隊編成任務：「朝潮改二」「大潮改二」「荒潮改二」「満潮改二」の<br>最精鋭朝潮型駆逐艦4隻による新編「第八駆逐隊」の編成を完了せよ！,1,4
429,「捷一号作戦」、発動準備！,捷一号作戦準備任務：遠征任務「警備任務」「兵站強化任務」及び「南西方面航空偵察作戦」<br>を実施。これを無事完遂し、南西方面での作戦準備にあたれ！,4,4
187,「西村艦隊」第二戦隊随伴部隊、集結せよ！,捷一号作戦準備任務：第一遊撃部隊第三部隊の中核となる第二戦隊の随伴艦を編成する。<br>各艦隊から艦艇を抽出、第三艦隊に「最上」「時雨」「満潮」「朝雲」「山雲」を配備せよ！,1,4
871,最精鋭「第八駆逐隊」、全力出撃！,第八駆逐隊任務：最精鋭「第八駆逐隊」を中核戦力とした艦隊を編成、北方海域キス島沖、及び<br>南方海域サーモン海域に突入！同海域の敵艦隊を撃滅、第八駆逐隊による完全勝利を刻め！,8,4
672,「遊撃部隊」艦隊司令部の創設,"遊撃部隊任務：「遊撃部隊 艦隊司令部」を創設する。「艦隊司令部施設」を秘書艦一番スロットに搭載、 <br>電探系装備x3を廃棄、開発資材x10、鋼材x2,000、そして「戦闘詳報」x2を準備せよ！",6,4
872,「捷一号作戦」兵站補給線を確保せよ！,捷号作戦後方任務：有力な艦隊を編成し、作戦第二海域、台湾沖/ルソン島沖に展開、同海域付近で<br>我が後方兵站線攻撃を図る敵艦隊を捕捉、これを複数回撃破、同制海権を確保せよ。,8,4
188,「西村艦隊」完全編成、出撃準備！,第一遊撃部隊(1YB)任務：1YB第三部隊の完全編成を行う！【第三艦隊(第三部隊)】に、<br>「山城」「扶桑」「最上」「満潮」「朝雲」「山雲」「時雨」を配備、「西村艦隊」を編成せよ！,1,4
673,装備開発力の整備,工廠整備任務：装備開発力を整備する。「小口径主砲」系装備x4を廃棄せよ！,6,1
873,北方海域警備を実施せよ！,北方海域警備任務：北方海域の警備を実施する。軽巡を1隻以上含む艦隊で、北方海域モーレイ海、<br>キス島沖、アルフォンシーノ方面に艦隊を展開、北方海域方面の警備と制海権確保に努めよ！,8,5
674,工廠環境の整備,工廠整備任務：工廠環境の重整備を実施する。「機銃」系装備x3を廃棄、鋼材300を準備せよ！<br>※任務達成後、準備した資源は消費します。,6,1
675,運用装備の統合整備,運用装備統合任務：装備の統合整備を実施する。「艦上戦闘機」系装備x6、「機銃」系装備x4を廃棄、<br>ボーキサイト800を準備(本任務は時局により更新されます)。　※任務達成後、準備資源を消費します。,6,5
874,北方海域戦闘哨戒を実施せよ！,北方海域戦闘哨戒任務：北方AL海域に軽空母と水上機母艦及び軽巡を基幹戦力とした精鋭艦隊を投入。<br>北方戦闘哨戒を反復実施、同方面の敵増援部隊主力を捕捉、これを撃滅し、北方海域戦線を防衛せよ！,8,4
317,甲型駆逐艦の戦力整備計画,甲型駆逐艦整備任務：甲型駆逐艦【夕雲型/陽炎型】を2隻以上配備した第一艦隊で演習で3回「勝利」、<br>その後、同艦隊を南西諸島海域に投入。各出撃で得られた戦訓を艦隊型駆逐艦戦力整備に活用せよ！,3,4
676,装備開発力の集中整備,"工廠環境の集中整備を実施する！「中口径主砲」系装備x3、「副砲」系装備x3、「ドラム缶(輸送用)」x1<br>を廃棄、鋼材2,400を準備せよ！　※任務達成後、準備した資源は消費します。",6,2
875,精鋭「三一駆」、鉄底海域に突入せよ！,強行東京急行任務：精鋭「三一駆」第一小隊を護衛戦力とした突入艦隊を編成、南方サーモン海域に投入。<br>鉄底海峡に突入し、同海域に展開する敵艦艇を実力で排除、強行鼠輸送作戦を反復完遂せよ！,8,5
801,謹賀新年！「水雷戦隊」出撃始め！,新春特別任務：軽巡を旗艦とした水雷戦隊を鎮守府海域南西諸島沖及び南西諸島防衛線に展開！<br>両作戦海域において敵艦隊を邀撃、新年の暁に勝利を刻みなさい！二〇一八、水雷戦隊…抜錨ッ！,8,4
802,新春「伊良湖」のお手伝い！,新春特別任務：謹賀新年…提督、おめでとうございます！新春からお手伝い、ありがとうございます！<br>水上機母艦または巡洋艦級旗艦で、バシー島沖及び東部オリョール海に反復出撃、お願いします！,8,4
803,護衛始め！「海上護衛隊」なお正月！,新春特別任務：駆逐艦及び海防艦で編成された海上護衛隊(軽空母1隻配備可能)を編成、<br>鎮守府近海において近海対潜哨戒及び輸送船団護衛作戦を実施、各3回以上成功させよ！,8,4
804,迎春！「空母機動部隊」全力出撃！,新春特別任務：旗艦に航空母艦、護衛駆逐艦2隻以上を擁する機動部隊でサーモン海域北方に展開！<br>反復出撃によって、同艦域の敵戦力を撃破せよ！精鋭「空母機動部隊」、新春の海に抜錨せよ！,8,4
189,精鋭「四水戦」抜錨準備！,四水戦(4Sd)特別編成：「村雨改二」旗艦と精鋭四水戦「由良改二」「夕立改二」「春雨改」「五月雨改」<br>「秋月改」より3隻、さらに主力艦2隻を配備した、有力な特務艦隊を編成、南方海域出撃に備えよ！,1,4
318,給糧艦「伊良湖」の支援,伊良湖支援任務：軽巡を2隻以上配備した第一艦隊で本日中に演習で3回「勝利」、その後、<br>第一艦隊旗艦に戦闘糧食を二つ装備せよ！　※任務達成後、同戦闘糧食は消費します,3,3
677,継戦支援能力の整備,"艦娘の継戦支援体制の整備強化を実施する！「大口径主砲」系装備x4、「水上偵察機」系装備x2、<br>「魚雷」系装備x3を廃棄、鋼材3,600を準備せよ！　※任務達成後、準備した資源は消費します。",6,2
876,松輸送作戦、開始せよ！,防衛ラインの強化のため、艦隊旗艦「龍田改二」または「龍田改」、3隻以上の駆逐艦または海防艦を<br>含む輸送護衛艦隊を編成、南西諸島防衛線及び鎮守府近海航路における作戦を複数回成功させよ！,8,4
877,精鋭「四水戦」、南方海域に展開せよ！,「村雨改二」旗艦含む精鋭四水戦(4Sd)より4隻(他主力艦2隻)計6隻の精鋭艦隊を南方海域に展開。<br>南方海域前面、サブ島沖海域、サーモン海域に突入、同南方海域方面の敵艦隊を撃破せよ！,8,4
190,精鋭「第二一駆逐隊」、抜錨準備！,精鋭駆逐隊編成任務：捷一号作戦を支援する。同決戦正面の基地航空への資材輸送任務のため、<br>「若葉改」「初春改二」「初霜改二」を含む3～4隻の精鋭「第二一駆逐隊」の編成を完了せよ！,1,4
679,対空兵装の拡充,対空兵装の整備拡充を実施する！「中口径主砲」系装備x6、「副砲」系装備x3を廃棄、<br>ボーキサイト900を準備せよ！　※任務達成後、準備した資源は消費します。,6,4
879,新編「四航戦」、全力出撃！,航空戦艦「伊勢改」「日向改」及び軽巡「大淀改」と1隻以上の駆逐艦を含む新編第四航空戦隊を編成、<br>鎮守府近海航路、沖ノ島沖及び北方AL海域戦闘哨戒、カレー洋リランカ島沖の作戦に投入せよ！,8,4
878,松輸送作戦、継続実施せよ！,艦隊旗艦に軽巡級または駆逐艦、さらに3隻以上の駆逐艦または海防艦を含む輸送護衛艦隊を編成、<br>防衛ラインの強化のため、南西諸島防衛線及び鎮守府近海航路における作戦を継続的に成功させよ！,8,4
319,精鋭「第二一駆」、猛特訓！,駆逐隊演習任務：精鋭「第二一駆逐隊」3隻を含む艦隊を編成。作戦に先立ち、猛特訓を開始する！<br>同艦隊で、本日中に演習で4回勝利せよ！,3,4
678,主力艦上戦闘機の更新,"艦上戦闘機「九六式艦戦」x3、「零式艦戦21型」x5を廃棄。秘書艦の一番及び二番装備スロットに<br>「零式艦戦52型」を装備。ボーキサイト4,000を準備せよ。※任務達成後、準備資源は消費します。",6,5
320,駆逐隊、特訓始め！,駆逐隊演習任務：駆逐艦4隻で編成される駆逐隊。この駆逐隊を含む艦隊を編成。<br>特訓を開始する！同艦隊で本日中に演習にて4回以上勝利せよ！,3,4
680,対空兵装の整備拡充,"対空兵装の整備拡充を継続実施する！「機銃」系装備x4、「電探」系装備x4を廃棄、<br>ボーキサイト1,500を準備せよ！　※任務達成後、準備した資源は消費します。",6,5
191,改装「第十七駆逐隊」、再編始め！,改装駆逐隊編成任務：改装した陽炎型駆逐艦「浦風改」「谷風改」、そして対空戦闘の激化に備え、<br>対空兵装を軸に大幅強化改装した「磯風乙改」「浜風乙改」による「第十七駆逐隊」を再編せよ！,1,4
880,精鋭駆逐隊、獅子奮迅！,十分な装備と練度を誇る駆逐艦4隻からなる精鋭駆逐隊を含む艦隊を編成。鎮守府近海航路、<br>東部オリョール海、北方キス島沖、西方カレー洋に投入、各戦線の作戦展開を成功させよ！,8,4
192,精鋭「第十八駆逐隊」を編成せよ！,精鋭駆逐隊編成任務：「霰改二」「霞改二/改二乙」「陽炎改」「不知火改」4隻による<br>精鋭「第十八駆逐隊」を編成せよ！,1,4
881,「十八駆」、北方海域キス島へ！,精鋭「第十八駆逐隊」を投入し、北方海域キス島撤退作戦を実施する！<br>同作戦に反復出動し、キス島撤退作戦を完全成功させよ！,8,4
681,五周年任務【壱：工廠】,五周年任務：艦隊五周年特別任務群を開始する！同任務群は全五任務で構成。まずは工廠の整理から！<br>「小口径主砲」系装備x5 及び「中口径主砲」系装備x5 を廃棄、工廠環境の向上と整理整頓を実施せよ！,6,4
882,五周年任務【弐：鎮守府海域警戒】,五周年任務：軽巡クラスを旗艦に配備、駆逐艦または海防艦3隻以上を含む五周年艦隊で、鎮守府海域<br>(同正面海域/南西諸島沖/製油所地帯沿岸/南西諸島防衛線/鎮守府近海)の警戒防衛任務にあたれ！,8,4
706,五周年任務【参：近代化改修】,五周年任務：鉄鋼555及びボーキサイト555を準備して、任意の海防艦の近代化改修を[駆逐艦]x5隻<br>同時使用により2回成功させよ！※任務達成後、準備した資源は消費します。,7,4
321,五周年任務【肆：演習】,五周年任務：駆逐艦または海防艦2隻以上を含む五隻の特別編成の艦隊を編成！<br>この五周年特別艦隊で、本日中に演習で4回以上勝利せよ！,3,4
883,五周年任務【伍：五周年艦隊出撃！】,五周年任務：軽巡クラス１隻、駆逐艦または海防艦2隻以上を含む五周年艦隊で、1)南西諸島海域全作戦<br>2)南方サブ島沖海域及びサーモン海域北方  3)中部海域KW環礁沖海域  いずれかの作戦を成功させよ！,8,4
505,主計科任務【おにぎりを作る！】,主計科任務：回収した「お米」炊いて、「おにぎり」を作ろう。<br>海の上で食う握り飯は……美味いぞ！,5,4
506,主計科任務【おにぎりを振舞おう！】,主計科任務：「お米」一杯炊いて、「おにぎり」を新たに3回作るかも。<br>工廠の皆に差し入れで振舞いたいかも！　※任務達成後、作った戦闘糧食は消費します。,5,4
507,主計科任務【高級おにぎりを作る！】,主計科任務：美味しい「お米」と「梅干」と「海苔」で、「高級おにぎり」を作りましょう。<br>いい食材で、丁寧に作った握り飯は……美味しい！提督、美味しいです！,5,4
509,主計科任務【お茶漬けを作る！】,主計科任務：「お米」と「梅干」と「海苔」、そして良い「お茶」で、「お茶漬け」を作りましょう。<br>さらさら～っと食べれるお茶漬けは、夜食にも、飲みの後の〆の一杯としても最高ですね！,5,4
508,主計科任務【差し入れ！高級おにぎり】,主計科任務：そうだ、提督、いいこと考えました！この美味しい「高級おにぎり」を一杯作って<br>空技廠の皆さんに差し入れしましょう！ね、加賀さん！(※高級おにぎりを後2回作りましょう),5,4
512,主計科任務【和定食膳を作って完食！】,主計科任務：いよいよ主計課任務もクライマックスです。食材を総動員して「和定食膳」を作りましょう！<br>美味いけど量がたりない…という娘達のために、「おにぎり」も追加で3つ作りましょう！完食です！,5,4
511,主計科任務【海苔巻きを作ろう！】,主計科任務：「秋刀魚の缶詰」の備蓄なんか無いよ！……大丈夫！航空弁当用に海苔巻きの材料<br>「お米」x12と「海苔」x6を集めれば、航空弁当用に主計課が「秋刀魚の缶詰」と交換してくれます！,5,4
510,主計科任務【お茶漬け、夜食にどうぞ！】,主計科任務：いつもお世話になってる、大よ…任務娘さんや、あ…アイテム屋さんに、たまには<br>お夜食で美味しいお茶漬けを差し入れしましょう！そうしましょう！(お茶漬けを２回作りますね、ね?),5,4
513,主計科拡張任務【日の丸弁当、量産！】,大量の美味しい「お米」、そして「梅干」を使って、美味しい日の丸弁当を量産、明石さんの工廠に差し<br>入れです！「お茶」も淹れるのです！秘書駆逐艦の第1スロに噴進砲、二式爆雷も装備…なのです！,5,4
193,最精鋭甲型駆逐艦、集結せよ！,甲型駆逐隊編成任務：「陽炎改二」「不知火改二」「黒潮改二」を集中配備、さらに練度70以上の<br>甲型駆逐艦【陽炎型/夕雲型駆逐艦】を3隻集中配備、精鋭艦隊型駆逐隊を編成せよ！,1,4
324,戦闘航空母艦一番艦、演習始め！,改装航空戦艦(戦闘航空母艦)演習任務：旗艦「伊勢改二」、随伴艦に駆逐艦2隻以上を配した航空戦隊<br>を編成。新改装艦の慣熟も兼ねた同航空戦隊の演習で、本日中に3回以上勝利せよ！,3,4
682,「海防艦」整備計画,大型艦兵装を整理削減、警備及び海上護衛用小艦艇「海防艦」を整備する。「中口径主砲」系装備x4、<br>「大口径主砲」系装備x4を廃棄し、燃料500を準備せよ！　※任務達成後、準備資源は消費します。,6,4
322,海防艦、演習始め！,海防艦演習任務：海防艦を旗艦に配備し、随伴艦に駆逐艦2隻以上を配した演習艦隊を編成。<br>本演習艦隊で、本日中に演習で2回以上勝利せよ！,3,4
430,「海防艦」、進発せよ！,海上護衛任務：遠征任務「兵站強化任務」「海峡警備行動」「海上護衛任務」「タンカー護衛任務」<br>を海防艦、駆逐艦などを主軸とした護衛艦艇で実施せよ！,4,4
323,最精鋭甲型駆逐艦、特訓始め！,甲型駆逐隊演習任務：練度70以上の甲型駆逐艦【陽炎型/夕雲型】駆逐艦4隻で編成される駆逐隊。<br>この精鋭駆逐隊を含む艦隊を編成。演習を開始する！同艦隊で本日中に演習にて4回以上勝利せよ！,3,4
885,戦闘航空母艦、出撃せよ！,改装航空戦艦(戦闘航空母艦)一番艦、旗艦「伊勢改二」を中核とした航空火力打撃艦隊を編成、<br>北方AL海域戦闘哨戒、カレー洋リランカ島沖及びピーコック島沖の作戦に投入、敵を撃滅せよ！,8,4
886,「伊勢改二」、敵機動部隊を迎撃せよ！,旗艦「伊勢改二」随伴駆逐艦2隻の航空戦隊を基幹とする艦隊をKW環礁沖空母機動部隊迎撃戦に投入！<br>同反復出撃によって、同方面に来襲する敵機動部隊を迎撃、完全撃滅せよ！　「伊勢改二」、抜錨！,8,4
683,航空戦艦用強化型新主砲の研究,"秘書艦「伊勢改二」一番スロに「試製41cm三連装砲」改修max搭載、「41cm連装砲」x3 「22号対水上電探」x2を廃棄、開発資材x40、高速建造材x50、鋼材4,500、新型砲熕兵装資材x2を準備せよ！",6,4
884,最精鋭甲型駆逐艦、突入！敵中突破！,「黒潮改二」「不知火改二」「陽炎改二」のいずれかを旗艦、他2隻の練度75以上の甲型駆逐艦を配備した<br>計6隻艦隊で西方カレー洋、北方キス島沖、南方サブ島沖海域に複数回突入、各作戦を完全成功させよ！,8,4
684,精鋭「航空戦艦」彗星隊の編成,精鋭彗星隊編成：旗艦「伊勢改二」第三装備スロに「彗星二二型(六三四空)」搭載、熟練搭乗員、開発資材x30、新型航空兵装資材を用意、「九九艦爆」「彗星」各x3廃棄、ボーキサイト一定量確保せよ！,6,4
194,精鋭「第十八戦隊」を再編成せよ！,旧式小型軽巡部隊の改装再編成：改天龍型軽巡「天龍改二」及び「龍田改二」の2隻で<br>構成される精鋭「第十八戦隊」を再編成せよ！,1,4
325,改夕雲型、演習始め！,改夕雲型演習任務：改夕雲型駆逐艦「夕雲改二」「長波改二」の精鋭駆逐艦2隻を含む艦隊を編成。<br>改夕雲型駆逐隊の慣熟演習を開始する！同艦隊で本日中に演習にて4回以上勝利せよ！,3,4
685,駆逐艦主砲兵装の戦時改修,旗艦特型駆逐艦の第一スロに「12.7cm連装砲A型改二」改修maxを装備、 「10cm連装高角砲」x4<br> 「94式高射装置」x1を廃棄、開発資材x30、鋼材900、新型砲熕兵装資材x1を準備せよ！,6,4
889,精鋭「二七駆」第一小隊、出撃せよ！,「白露改二」及び「時雨改二」から成る精鋭駆逐隊「二七駆」第一小隊を含む有力な艦隊を編成、<br>東部オリョール海、ジャム島攻略作戦、サーモン海域北方、KW環礁沖海域に出撃、敵を撃滅せよ！,8,4
888,新編成「三川艦隊」、鉄底海峡に突入せよ！,鉄底海峡戦果拡張：「鳥海」「青葉」「衣笠」「加古」「古鷹」「天龍」「夕張」の中から4隻を含む突入<br>艦隊を編成。南方海域前面及びサブ島沖海域、サーモン海域に突入、敵艦隊を撃滅せよ！,8,5
887,精鋭「第十八戦隊」、展開せよ！,精鋭「第十八戦隊」随伴駆逐艦2隻を含む艦隊を、鎮守府海域に展開。同南西諸島沖海域、南西諸島<br>防衛線、鎮守府近海、鎮守府近海航路の各作戦を完全成功させよ！改装軽巡「天龍」「龍田」、出撃！,8,4
686,戦時改修A型高角砲の量産,旗艦特型駆逐艦の第一スロに「12.7cm連装砲A型改二」改修maxを装備、 「10cm連装高角砲」x4<br> 「94式高射装置」x1を廃棄、開発資材x30、鋼材900、新型砲熕兵装資材x1を再び準備せよ！,6,5
687,駆逐艦主砲兵装の戦時改修【II】,旗艦「夕立改二」または「時雨改二」第一スロに「12.7cm連装砲B型改二」改修max装備、 「10cm連装<br>高角砲」x5及び「94式高射装置」x1廃棄、開発資材x50、鋼材1200、新型砲熕兵装資材x1を準備せよ！,6,4
890,精鋭「四戦隊」第二小隊、抜錨せよ！,「摩耶改二」及び「鳥海改二」から成る精鋭「第四戦隊」第二小隊を含む有力な艦隊を編成、南西<br>諸島防衛線、東部オリョール海、アルフォンシーノ方面、カレー洋リランカ島沖に出撃、敵を撃滅せよ！,8,4
327,朝潮型集合！特訓始め！,朝潮型演習任務：朝潮型駆逐艦4隻による駆逐隊を含む艦隊を編成。<br>同艦隊で本日中に演習にて4回以上勝利せよ！朝潮型駆逐艦、前へ！,3,4
326,夏季大演習,夏季大演習：夏季期間の一日中に「演習」で8回以上「勝利」をおさめ、艦隊の練度向上に努めよ！<br>暑さに負けるな！　艦隊、抜錨！,3,4
290,秋刀魚漁：今秋の「秋刀魚」も上々ね！,秋刀魚漁：今秋の「秋刀魚」も上々ね！秋刀魚漁の漁場に展開、「秋刀魚」を三尾入手、ですね。<br>出撃しましょう！近海、北方海域、中部海域のどこかに秋刀魚漁に適した漁場があるようです！,2,4
291,秋刀魚漁：大切な漁場、ここは譲れません！,秋刀魚漁：なるほど…。漁場の安全を確保して「秋刀魚」を十尾確保すればいいのね。了解。<br>暫く同じ海域で乱獲していると獲れにくくなる…か。ふ、問題ありません。海域を変えましょう。,2,4
292,秋刀魚漁：大漁ですね…助かります。,秋刀魚漁：提督と皆さんのおかげで今秋もこんなに新鮮な「秋刀魚」を確保できました。<br>本当にありがとうございます。もうひと踏ん張りだけお願いしてもいいですか？すみません。,2,4
688,航空戦力の強化,"航空戦力強化任務：「艦戦」「艦爆」「艦攻」「水偵」を各3装備ずつ廃棄、さらに熟練搭乗員x1、及び<br>ボーキサイト1,800を準備せよ！(任務達成後、熟練搭乗員x1及びボーキサイト1,800は消滅します)",6,5
298,「第七駆逐隊」、南西諸島を駆ける！,「曙」「潮」「漣」「朧」から成る「第七駆逐隊」2隻以上を含む有力な艦隊を編成、南西諸島近海、<br>バシー海峡、東部オリョール海、沖ノ島海域の敵戦力を撃滅、南西諸島海域の制海権を確保せよ！,2,4
195,精強「第十七駆逐隊」を編成せよ！,改装甲型駆逐隊編成任務：対空兵装を軸に大幅強化改装した「磯風乙改」「浜風乙改」、そして<br>対潜兵装を改装強化した「浦風丁改」「谷風丁改」による、精強「第十七駆逐隊」4隻を編成せよ！,1,4
891,精強「十七駆」、北へ、南へ！,改装甲型駆逐艦「磯風乙改」「浜風乙改」「浦風丁改」「谷風丁改」4隻の精強「十七駆」を含む艦隊で<br>鎮守府近海、キス島沖、ブルネイ泊地沖、南方海域前面に出撃、敵戦力と交戦、これを撃破せよ！,8,4
328,精強「十七駆」、猛特訓！,駆逐隊演習任務：精強「第十七駆逐隊」4隻を含む艦隊を編成。新改装精強駆逐隊による<br>猛特訓を開始する！同艦隊で、本日中に演習で4回以上勝利せよ！,3,4
196,精鋭「第十駆逐隊」、抜錨準備！,甲型駆逐艦編成任務：夕雲型駆逐艦「夕雲改二」及び「巻雲改二」の2隻から成る<br>精鋭第十駆逐隊(2隻編成)を編成せよ！,1,4
299,近海の警戒監視と哨戒活動を強化せよ！,軽巡旗艦、駆逐艦または海防艦2隻を含む艦隊を編成、南西諸島沖、製油所地帯沿岸、<br>南西諸島防衛線、南西諸島近海、バシー海峡を哨戒、敵艦隊を捕捉撃滅、近海の制海権を確立せよ！,2,4
892,主力オブ主力、抜錨開始！,甲型駆逐艦編成任務：夕雲型駆逐艦「夕雲改二」及び「巻雲改二」の2隻から成る精鋭第十駆逐隊を含む<br>有力な艦隊を南方海域に投入、サブ島沖海域、サーモン海域、サーモン海域北方の敵を捕捉撃滅せよ！,8,4
893,泊地周辺海域の安全確保を徹底せよ！,泊地近海警戒戦果拡張：有力な泊地哨戒部隊を編成、鎮守府近海、ブルネイ泊地沖、タウイタウイ泊地沖<br>に反復出撃！各周辺海域に出没する敵潜を制圧、さらに泊地周辺の脅威となる敵戦力を捕捉撃滅せよ！,8,5
689,戦闘機隊戦力の拡充,"戦闘機拡充任務：「艦戦」「水偵」各x4、「艦偵」x2装備を廃棄、熟練搭乗員x1、新型航空兵装資材x1<br>ボーキサイト3,000を準備せよ！(任務達成後、準備した資源・熟練搭乗員・新型航空兵装資材は消費)",6,4
894,空母戦力の投入による兵站線戦闘哨戒,空母を含む有力な哨戒艦隊を編成、製油所地帯沿岸、南西諸島防衛線、南西諸島近海、バシー海峡<br>及び東部オリョール海を戦闘哨戒、各海域の敵艦隊を捕捉撃滅、各海域兵站線の安全を確保せよ！,8,5
690,基地航空隊戦力の拡充,"基地航空隊拡充任務：「艦戦」「艦爆」「艦攻」各x4装備を廃棄、熟練搭乗員x1、新型航空兵装資材x2<br>ボーキサイト4,800を準備せよ！(任務達成後、準備した資源・熟練搭乗員・新型航空兵装資材は消費)",6,4
895,冬季北方海域作戦,冬季北方作戦：軽巡級を旗艦とする有力な艦隊で、モーレイ海、アルフォンシーノ方面、北方海域全域及び<br>北方AL海域に反復出撃！同海域に遊弋する敵艦隊を捕捉、これを撃滅し、北方海域制海権を確保せよ！,8,4
329,【節分任務】節分演習！,節分任務：駆逐艦または海防艦2隻を含む節分艦隊を編成、同艦隊を以て、節分演習を実施する！<br>同節分演習艦隊で、本日中に演習において【完全勝利】を3回以上達成せよ！,3,1
235,【節分任務】鎮守府海域 南西方面防衛作戦,節分任務：軽空母または軽巡級を旗艦とする駆逐艦または海防艦2隻以上を含む艦隊で、<br>節分期間の鎮守府海域南西諸島沖及び南西諸島防衛線に展開、敵を捕捉撃破せよ！,2,2
236,【節分任務】北方海域 威力偵察作戦,節分任務：水上機母艦または重巡級を旗艦とする駆逐艦2隻以上を含む艦隊で、<br>節分期間の北方海域モーレイ海及び北方AL海域の敵艦隊を捜索撃滅せよ！,2,2
237,【節分拡張任務】南方海域 艦隊決戦,節分拡張任務：戦艦または航空母艦を旗艦とする駆逐艦2隻以上を含む艦隊で、節分期間の<br>南方海域深部サーモン海域及び同北方の敵艦隊を捕捉撃滅せよ(戦果拡張可能)！,2,2
234,バレンタイン限定任務 【１号作戦】,バレンタイン限定任務：軽巡1隻及び駆逐艦2隻以上を含む艦隊で南西諸島防衛線、南西諸島近海、<br>バシー海峡及び東部オリョール海を哨戒！敵艦隊を捕捉撃破し、各海域の制海権確保に努めよ！,2,4
238,バレンタイン限定任務 【２号作戦】,バレンタイン限定任務：巡洋艦を旗艦とする艦隊で沖ノ島海域、北方モーレイ海、キス島沖及び<br>アルフォンシーノ方面を戦闘哨戒！敵艦隊を捕捉撃滅し、各海域の制海権を確保せよ！,2,4
280,兵站線確保！海上警備を強化実施せよ！,海上警備任務：軽空母または軽巡級1隻、駆逐艦または海防艦を計3隻以上配備した海上護衛艦隊で、<br>南西諸島沖警備、海上護衛作戦、南1号作戦、南西諸島哨戒を実施、各作戦海域の敵を撃滅せよ！,2,3
158,精鋭無比「第一戦隊」抜錨準備！,主力戦艦編成任務：第一艦隊旗艦に「長門改二」、同二番艦に「陸奥改二」から構成される<br>第一戦隊を配備、精鋭無比の水上打撃艦隊を編成せよ！,1,4
691,提督室のリフォーム,"提督室のリフォームを実施する！まずは装備の整理から！「中口径主砲」系装備x4、「副砲」系装備x4、<br>「機銃」系装備x4を廃棄、ボーキサイト1,600を準備せよ！　※任務達成後、準備した資源は消費します。",6,4
281,精鋭無比「第一戦隊」まかり通る！,第一艦隊第一戦隊、改装主力戦艦「長門改二」及び「陸奥改二」を中核とした水上打撃艦隊を編成、<br>バシー海峡、北方AL海域戦闘哨戒、カレー洋リランカ島沖及び南方海域前面の敵を捕捉撃滅せよ！,2,4
282,精鋭無比「第一戦隊」まかり通る！【拡張作戦】,第一艦隊第一戦隊、改装主力戦艦「長門改二」及び「陸奥改二」を中核とした精鋭水上打撃艦隊を展開、<br>南西諸島海域沖ノ島沖、南方海域サーモン海域北方、中部海域ピーコック島沖の敵戦力を撃滅せよ！,2,4
692,水上艦艇装備工廠の整備,"水上艦艇装備工廠の整備を実施する！「小口径主砲」系装備x5、「大口径主砲」系装備x5、<br>「水偵」系装備x5を廃棄、鋼材3,000を準備せよ！　※任務達成後、準備した資源は消費します。",6,4
330,空母機動部隊、演習始め！,空母機動部隊演習任務：航空母艦旗艦他1隻計2隻以上及び駆逐艦2隻を含む空母機動部隊を編成。<br>機動部隊各艦の練度向上を図る！同艦隊で、本日中に演習で4回以上勝利せよ！,3,5
331,艦載機演習,艦載機演習任務：正規空母旗艦他1隻計2隻以上及び駆逐艦2隻を含む空母機動部隊を編成。<br>艦載機の練度向上と装備充実を図る！同機動部隊で、本日中に演習を【A判定】以上3回勝利せよ！,3,4
693,回転翼機の開発,"回転翼機装備の研究開発を実施する。「水偵」系装備x4、「艦戦」系装備x3、「艦攻」系装備x2を廃棄、<br>ボーキサイト3,000、開発資材x20を準備せよ！　※任務達成後、準備した資源・資材は消費します。",6,4
896,航空戦艦戦隊、戦闘哨戒！,航空戦艦二隻を中核とする艦隊を編成、同艦隊で南西諸島防衛線、鎮守府近海及び東部オリョール海、<br>タウイタウイ泊地沖に展開。同海域の脅威となる敵艦隊主力を捕捉、これを撃滅せよ！,8,4
694,新型航空艤装の研究,"艦艇の航空運用能力を高める新型航空艤装の研究を行う。「瑞雲」x4、「彗星」x4、「流星」x2を廃棄、<br>鋼材8,500、ボーキサイト4,000、開発資材x60を準備せよ！　※準備した資源・資材は消費します。",6,4
695,「彗星」艦爆の新運用研究,"三号爆弾運用：旗艦「伊勢改二」または「日向改二」第一スロに「彗星一二型甲」搭載、 「彗星」x4、<br>「九九式艦爆」x3、「瑞雲」x2廃棄、弾薬x2,500、ボーキ5,000、新型航空兵装資材x1を準備せよ！",6,4
897,最精鋭「第四航空戦隊」、出撃せよ！,「日向改二」「伊勢改二」の最精鋭「四航戦」を含む第一艦隊で、鎮守府近海航路に反復出撃、<br>さらに、カレー洋リランカ島沖、サーモン海域北方、KW環礁沖海域の敵艦隊を捕捉撃滅せよ！,8,4
696,最精鋭「瑞雲」隊の編成,"旗艦「伊勢改二」「日向改二」第一スロに「瑞雲改二(六三四空)」※改修max。「瑞雲」x6「彗星」x3、<br>「試製烈風 後期型」x1廃棄、弾薬2,000、ボーキ8,000、新型航空兵装資材x1、熟練搭乗員x2を準備！",6,4
283,【GW期間限定】六周年出撃任務,六周年出撃任務：軽巡級1隻以上と駆逐艦または海防艦計2隻以上を含む艦隊で、製油所地帯沿岸、<br>南西諸島防衛線、南西諸島近海、バシー海峡に展開！同方面の敵戦力を捕捉、これを撃滅せよ！,2,4
332,六周年記念演習,六周年記念演習：軽巡クラス1隻と駆逐艦または海防艦計3隻以上を含む6隻編成の特務艦隊を編成。<br>同艦隊による演習で本日中に【S判定】以上4回勝利せよ！,3,4
431,艦隊司令部の強化 【準備段階】,艦隊司令部強化の準備：遠征任務「敵地偵察作戦」「海峡警備行動」「南西方面航空偵察作戦」<br>「兵站強化任務」を海防艦や水雷戦隊、水上機母艦等を投入、同遠征任務群を成功させよ！,4,4
284,【GW期間限定】六周年出撃任務 -拡張作戦-,六周年出撃任務：水上機母艦または軽巡級1隻以上と駆逐艦2隻以上を含む艦隊で、北方キス島沖、<br>西方カレー洋リランカ島沖、南方サブ島沖海域、中部グアノ環礁沖海域の敵艦隊を捕捉撃滅せよ！,2,4
333,航空戦隊演習(その壱),航空戦隊演習任務：航空母艦3隻以上及び駆逐艦2隻以上を含む航空戦隊を編成。艦隊戦演習により、<br>戦技及び練度向上を図る。同航空戦隊で、本日中に演習を【S判定】勝利3回以上達成せよ！,3,4
432,警備及び哨戒偵察を強化せよ！,警備哨戒任務：遠征「海峡警備行動」「強行偵察任務」「南西方面航空偵察作戦」を実施、<br>南方戦線遠征の前段作戦として、内地及び南西諸島方面の警備及び哨戒偵察を実施せよ！,4,4
334,航空戦隊演習(その弐),航空戦隊演習任務：航空母艦3隻以上及び駆逐艦2隻以上を含む航空戦隊を編成。大規模演習により、<br>さらなる戦技及び練度向上を図る。同航空戦隊で、本日中に演習を【S判定】勝利6回以上達成せよ！,3,4
620,一航戦精鋭「流星改」隊の編成,一航戦任務：旗艦「赤城改二(改二戊)」第一装備スロに「流星改(一航戦)」※練度maxを搭載し、<br>「流星改」x4「彩雲」x1「九七式艦攻」x2廃棄、弾薬x2800、ボーキ9000、熟練搭乗員x2を準備せよ！,6,4
433,南方戦線遠征を実施せよ！,南方戦線遠征：南方海域の作戦を援護する南方作戦遠征作戦を実施する。南方海域遠征<br>「東京急行」「東京急行(弐)」「水上機基地建設」「水上機前線輸送」「MO作戦」を実施せよ！,4,4
335,新しき盾,「新しき盾」演習任務：重巡「摩耶」及び重巡「羽黒」を擁する艦隊による演習「新しき盾」を実施する。<br>本「新しき盾」演習において、本日中に【S判定】勝利3回以上達成せよ！,3,4
336,輸送船団演習,輸送船団演習任務：補給艦または揚陸艦、海防艦を計2隻以上含む輸送船団を編成、<br>同輸送船団及び護衛艦艇による演習で、本日中に【A判定】勝利4回以上達成せよ。,3,4
621,陸戦用装備の艦載運用研究,"第一艦隊旗艦軽巡級の第一装備スロに「7.7mm機銃」装備。「25mm単装機銃」x2、「ドラム缶(輸送<br>用)」x2、「12cm30連装噴進砲」x1を廃棄。弾薬x1,700、開発資材x30、高速建造材x10を準備せよ！",6,4
337,「十八駆」演習！,駆逐艦演習任務：第十八駆逐隊「霞」「霰」「陽炎」「不知火」の4隻を含む演習艦隊を編成。<br>同艦隊で本日中に演習で【S判定】勝利3回以上を達成せよ！精鋭十八駆に落ち度など無し！,3,5
338,睦月型集合！演習始め！,睦月型演習任務：睦月型駆逐艦4隻による駆逐隊を含む演習艦隊を編成。<br>同艦隊で本日中に演習にて4回以上勝利せよ！睦月型、がんばるにゃしぃ！,3,4
901,「夕張改二」試してみてもいいかしら？,改装兵装実験軽巡「夕張改二」型を旗艦にした艦隊で、南西諸島沖ノ島沖、北方アルフォンシーノ方面、<br>南方サブ島沖海域、中部グアノ環礁沖海域に展開！同戦域の敵艦隊主力を捜索、これを捕捉撃滅せよ！,9,4
902,新編「六水戦」出撃！後で感想、聞かせてね！,改装軽巡「夕張改二」型旗艦を含む第六水雷戦隊4隻以上を擁する艦隊で、鎮守府近海、鎮守府近海航路、<br>さらに南西諸島バシー海峡、北方キス島沖、南西ブルネイ泊地沖の各作戦を、それぞれ完全成功させよ！,9,4
903,拡張「六水戦」、最前線へ！,軽巡「夕張改二」型の旗艦に随伴第六水雷戦隊駆逐艦2隻以上または「由良改二」を含む艦隊で、南方海域<br>前面、南方サーモン海域、中部北海域ピーコック島沖、中部KW環礁沖海域に展開、敵戦力を撃滅せよ！,9,5
339,「十九駆」演習！,駆逐艦演習任務：第十九駆逐隊「磯波」「浦波」「綾波」「敷波」の4隻を含む演習艦隊を編成。<br>同艦隊で本日中に演習で【S判定】勝利3回以上を達成せよ！精鋭十九駆、じゃ、見ててよね！,3,5
434,特設護衛船団司令部、活動開始！,海上護衛任務：遠征任務「警備任務」「海上護衛任務」「兵站強化任務」「海峡警備行動」<br>「タンカー護衛任務」の各任務を、海防艦・駆逐艦などを主軸とした護衛艦艇で実施せよ！,4,5
904,精鋭「十九駆」、躍り出る！,改装特II型駆逐艦「綾波改二」及び同「敷波改二」を含む精鋭艦隊を前線に投入、南西諸島海域沖ノ島沖、<br>北方海域全域、西方海域カレー洋リランカ島沖、南方サブ島沖海域に展開、各敵主力を捕捉撃滅せよ！,9,5
905,「海防艦」、海を護る！,海防艦3隻を含む5隻以下の海上護衛隊を、鎮守府海域に展開。鎮守府正面海域、南西諸島沖海域、製油所<br>地帯沿岸、鎮守府近海、鎮守府近海航路の各海域の安全確保と対潜掃蕩を図れ！海防艦戦隊、抜錨せよ！,9,5
340,【桃の節句任務】桃の節句演習！,桃の節句任務：駆逐艦または海防艦計3隻を含む桃の節句艦隊を編成、同艦隊を以て、演習を実施！<br>桃の節句演習艦隊で、本日中に演習において【S判定】勝利を3回以上達成せよ！,3,2
906,【桃の節句作戦】鎮守府近海の安全を図れ！,【桃の節句作戦】駆逐艦または海防艦計3隻を含む艦隊で、鎮守府海域南西諸島沖、製油所地帯沿岸、<br>鎮守府近海、鎮守府近海航路、南西諸島海域南西諸島近海の各海域の安全確保と対潜掃蕩を図れ！,9,2
435,【桃の節句任務】桃の節句遠征！,桃の節句任務：遠征任務「対潜警戒任務」「強行偵察任務」「包囲陸戦隊撤収作戦」<br>「南西方面航空偵察作戦」「長時間対潜警戒」の各遠征を実施、これを成功させよ！,4,2
707,【桃の節句任務】駆逐艦桃の節句改修,桃の節句任務：鉄鋼303及びボーキサイト303を準備して、任意の駆逐艦の近代化改修を<br>[軽巡洋艦]x3隻同時使用により2回成功させよ！※準備した資源は消費します。,7,2
907,【桃の節句作戦】侵攻部隊物資集積地強襲！,【桃の節句作戦】駆逐艦3隻以上を含む精鋭艦隊で期間限定海域のミンドロ島南部の敵物資集積地を強襲、<br>これに【S勝利】を2回、敵の反撃橋頭堡を粉砕せよ！桃の節句、礼号部隊、出撃！敵物資を燃え尽くせ！,9,4
908,【桃の節句作戦】敵機動部隊迎撃戦！,【桃の節句作戦】正規空母2隻以上、戦艦2隻以上、重巡級2隻以上を含む連合艦隊規模の艦隊で、<br>期間限定海域の敵機動部隊主力を痛打、これを複数回強襲、敵戦闘力を破砕せよ。連合艦隊、出撃！,9,4
710,【桃の節句任務】菱餅改修：序,桃の節句任務：菱餅10個を準備して、任意の夕雲型駆逐艦の<br>近代化改修を[重巡洋艦]x4隻同時使用により2回成功させよ！,7,4
708,【桃の節句任務】海防艦桃の節句改修,"桃の節句任務：鉄鋼3,030及びボーキサイト3,030を準備して、任意の海防艦の近代化改修を<br>[駆逐艦]x5隻同時使用により2回成功させよ！※準備した資源は消費します。",7,2
909,【桃の節句作戦】主力オブ主力、駆ける！,【桃の節句作戦】精鋭夕雲型駆逐艦3隻以上を含む艦隊で、南西諸島海域バシー海峡、東部オリョール海、<br>北方AL海域、タウイタウイ泊地沖深部の敵を撃破、限定海域マニラ揚陸地点を妨害する敵を撃滅せよ！,9,2
709,【桃の節句任務】軽巡洋艦桃の節句改修,"桃の節句任務：鉄鋼4,230及びボーキサイト4,230を準備して、任意の軽巡洋艦の近代化改修を<br>[海防艦]x2隻同時使用により2回成功させよ！※準備した資源は消費します。",7,4
711,【桃の節句任務】菱餅改修：破,"桃の節句任務：菱餅15個、鋼鉄8,800及びボーキサイト8,800を準備して、夕雲型駆逐艦<br>「沖波」の近代化改修を[戦艦]x4隻同時使用により2回成功させよ！",7,4
712,【桃の節句任務】菱餅改修：週,"桃の節句任務：菱餅6個、開発資材100及び鋼鉄3,000、ボーキサイト3,000を準備、<br>任意の軽空母の近代化改修を[軽空母]x3隻同時使用により2回成功させよ！",7,2
713,【桃の節句任務】菱餅改修：果,"桃の節句任務：菱餅17個、開発資材300及び鋼鉄15,000、ボーキサイト15,000を準備、<br>任意の正規空母の近代化改修を[正規空母]x5隻同時使用により2回成功させよ！",7,4
910,【桃の節句作戦】「沖に立つ波」出撃！,【桃の節句作戦】「沖波」を含む夕雲型駆逐艦3隻以上の駆逐隊を含む艦隊で、期間限定海域の<br>マニラ湾に侵入した敵艦隊、ミンドロ島侵攻部隊物資集積地、敵機動部隊を痛撃！ 「沖波」、出撃せよ！,9,4
911,再編「第三一駆逐隊」、抜錨せよ！,夕雲型駆逐艦「長波」「岸波」「朝霜」、そして「沖波改二」からなる再編第三一駆逐隊を含む艦隊を、<br>製油所地帯沿岸、南西諸島防衛線、鎮守府近海、バシー海峡、東部オリョール海に展開、敵を撃破せよ！,9,4
436,練習航海及び警備任務を実施せよ！,練習航海及び警備任務：「練習航海」「長距離練習航海」「警備任務」「対潜警戒任務」<br>「強行偵察任務」の各遠征任務を、軽巡・駆逐艦・海防艦などの艦艇で実施せよ！,4,5
914,重巡戦隊、西へ！,重巡(航空巡洋艦含まず)3隻以上、駆逐艦1隻以上を中核とした艦隊を編成。同艦隊を西方に展開。<br>西方海域ジャム島沖、カレー洋海域、リランカ島、カスガダマ島の敵戦力と交戦、これを撃破せよ！,9,5
912,工作艦「明石」護衛任務,工作艦護衛任務：旗艦に工作艦「明石」、護衛の駆逐艦3隻以上で製油所地帯沿岸、鎮守府近海航路、<br>南西諸島近海、バシー海峡、東部オリョール海に展開。「明石」を護衛、同海域での作戦を成功させよ！,9,5
915,【春の期間限定任務】飛べ！下駄履きメカジキ,【春の期間限定任務】水上機母艦を旗艦とし、随伴護衛艦に駆逐艦または海防艦を含む水上機運用艦隊で、<br>南西諸島防衛線、東部オリョール海、沖ノ島海域へ展開！同海域の敵艦隊と交戦、これを撃破せよ！,9,4
913,「第五航空戦隊」、縦横無尽！,航空母艦「翔鶴」「瑞鶴」、護衛随伴駆逐艦「朧」「秋雲」を中核とした機動部隊を編成。同機動部隊を<br>北方AL海域、珊瑚諸島沖、タウイタウイ泊地沖深部、KW環礁沖海域に展開、敵艦隊を捕捉撃滅せよ！,9,4
697,【春の期間限定任務】下駄履きメカジキの改修,"旗艦「Gotland」第一スロに「Swordfish(水上機型)」改修max、 「瑞雲」x3、「零式水上偵察機」x3、<br>「13号対空電探改」x1廃棄、弾薬x2,500、ボーキ4,000、新型航空兵装資材x1、熟練搭",6,4
341,七周年任務【七駆演習】,七周年任務：第七駆逐隊「朧」「曙」「漣」「潮」のうち2隻以上を含む演習艦隊を編成、<br>本日中に【A判定】勝利3回以上達成せよ。七周年、第七駆逐隊、おめでとう＆ありがと！,3,4
917,改装航空軽巡「Gotland andra」、出撃！,「Gotland andra」旗艦、随伴駆逐艦1隻以上を含む艦隊で、南西諸島海域沖ノ島海域に出撃！<br>さらに西方カレー洋海域、カスガダマ島、カレー洋リランカ島沖に展開！同方面の敵を撃滅せよ！,9,4
916,「比叡改二丙」見参！第三戦隊、南方突入！,「比叡改二丙」含む金剛型高速戦艦2隻以上、軽巡級1隻、駆逐艦1隻以上を含む艦隊を南方海域に投入！<br>南方海域前面、珊瑚諸島沖、サブ島沖海域、サーモン海域、同北方の敵艦隊を捕捉、これを撃滅せよ！,9,4
918,「Gotland」戦隊、進撃せよ！,「Gotland andra」旗艦、随伴駆逐艦1隻以上を含む艦隊で、南西諸島海域沖ノ島沖に進撃！さらに<br>中部海域に展開、グアノ環礁沖海域、中部北海域ピーコック島沖、KW環礁沖海域の敵を撃滅せよ！,9,4
919,南西諸島海域合同哨戒,米出身(USS)艦娘を2隻以上含む艦隊で、南西諸島海域のバシー海峡、東部オリョール海、<br>沖ノ島海域の哨戒を実施。各作戦海域における敵艦隊を捜索、これを捕捉撃滅せよ！,9,4
437,小笠原沖哨戒線の強化を実施せよ！,小笠原沖哨戒線任務：「対潜警戒任務」「小笠原沖哨戒線遠征」「小笠原沖戦闘哨戒」<br>「南西方面航空偵察作戦」の各遠征任務を軽巡・駆逐艦など実施、これを成功させよ！,4,5
342,小艦艇群演習強化任務,駆逐艦または海防艦計4隻(軽巡級1隻導入可能)を含む演習艦隊を編成、<br>同演習艦隊による演習で本日中に【A判定】以上の勝利を4回以上達成せよ！,3,5
920,合同艦隊旗艦、改装「Fletcher」、抜錨！,「Fletcher改 Mod.2」を旗艦とする米・英・豪・蘭出身の艦娘計3隻以上を含む艦隊を編成、同艦隊を<br>南西諸島防衛線、沖ノ島沖、北方AL海域に展開！各作戦海域の敵艦隊と交戦、これを撃滅せよ！,9,4
923,合同艦隊機動部隊、出撃せよ！,米・英出身航空母艦を1隻以上含む機動部隊で、西方海域リランカ島、北方海域全域、さらに<br>南方海域珊瑚諸島沖、南西海域タウイタウイ泊地沖深部に展開、各方面の敵戦力を撃滅せよ！,9,4
921,改装護衛駆逐艦「Fletcher Mk.II」作戦開始！,「Fletcher Mk.II」を旗艦とする米・英・豪・蘭出身の艦娘計3隻以上を含む精鋭艦隊を編成、同艦隊を<br>鎮守府近海、ブルネイ泊地沖、MS諸島沖、KW環礁沖海域に反復出撃！敵艦隊を捕捉、撃滅せよ！,9,4
922,合同艦隊作戦任務【拡張作戦】,【拡張作戦:甲作戦級】「Fletcher Mk.II」を含む米・英・豪・蘭出身艦計4隻以上を含む精鋭艦隊を編成、<br>カレー洋リランカ島沖、サーモン海域北方、中部北海域ピーコック島沖に反復出撃！敵戦力を撃滅せよ！,9,4
438,南西諸島方面の海上護衛を強化せよ！,海上護衛任務：「兵站強化任務」「対潜警戒任務」「タンカー護衛任務」及び<br>「南西諸島捜索撃滅戦」の各遠征任務を実施、これを成功させよ！,4,5
343,航空母艦演習,航空母艦演習任務：正規空母を旗艦に、また僚艦に正規空母を1隻以上、さらに駆逐艦2隻以上を含む<br>艦隊を編成。航空母艦の練度向上を図る！同艦隊で、本日中に4回以上演習で勝利せよ！,3,4
924,【航空母艦特別任務】航空戦隊、精鋭無比！,航空母艦特別任務：精強な正規空母2隻以上を擁する航空戦隊を中核とした機動部隊の精鋭で、<br>南西諸島海域沖ノ島海域、同沖ノ島沖、西方海域リランカ島に出撃！各方面の敵戦力を撃滅せよ！,9,4
925,改加賀型航空母艦「加賀改二」、抜錨！,旗艦「加賀改二」型航空母艦、僚艦に正規空母1隻以上を含む機動部隊を編成、西方海域カスガダマ島、<br>カレー洋リランカ島沖、北方海域全域、南方海域珊瑚諸島沖に展開！各方面の敵戦力を撃滅せよ！,9,4
926,最精鋭「第一航空戦隊」、出撃！鎧袖一触！,「赤城改二」「加賀改二」型両航空母艦による最精鋭「第一航空戦隊」を中核とした艦隊で、サーモン海域<br>北方、タウイタウイ泊地沖深部、中部海域MS諸島沖、同KW環礁沖海域に展開！敵を捕捉撃滅せよ！,9,4
698,新鋭対潜哨戒航空戦力の導入,"旗艦「加賀改二護」第一スロに「TBM-3D」を搭載。 「TBF」x2、「流星」x1、「流星改」x1を廃棄、<br>弾薬x1,840、ボーキ6,200、新型航空兵装資材x2、熟練搭乗員x1を準備せよ！",6,4
344,「第十方面艦隊」演習！,第十方面艦隊演習任務：同艦隊の基幹戦力である重巡「羽黒」「足柄」、駆逐艦「神風」のうち<br>2隻以上を含む艦隊を編成。同艦隊で、本日中に【A判定】以上の勝利を4回以上達成せよ！,3,4
927,重巡「羽黒」、出撃！ペナン沖海戦,重巡「羽黒」を旗艦とした5隻以下の艦隊で、南西海域マラッカ海峡に進出！ペナン島沖において、<br>敵駆逐隊を捕捉、これに複数回痛打を与えよ！精強たる我が重巡「羽黒」、出撃せよ！,9,4
439,兵站強化遠征任務【基本作戦】,兵站強化遠征任務：「海上護衛任務」「兵站強化任務」「ボーキサイト輸送任務」及び<br>「南西方面航空偵察作戦」の各遠征任務を実施、これを成功させよ！,4,5
928,歴戦「第十方面艦隊」、全力出撃！,重巡「羽黒」「足柄」「妙高」「高雄」、駆逐艦「神風」のうち2隻以上を含む精強な艦隊を編成！<br>マラッカ海峡ペナン島沖深部、タウイタウイ泊地沖深部、西方カレー洋海域に反復出撃！敵を撃滅せよ！,9,5
440,兵站強化遠征任務【拡張作戦】,兵站強化拡張任務：「ブルネイ泊地沖哨戒」「海上護衛任務」「水上機前線輸送」<br>及び「強行鼠輸送作戦」「南西海域戦闘哨戒」各遠征を実施、これを成功させよ！,4,5
931,精鋭「二七駆」、回避運動は気をつけて！,第二七駆逐隊特別任務：改装白露型一番艦「白露改二」及び同二番艦「時雨改二」を含む艦隊で、<br>鎮守府近海、沖ノ島沖、ブルネイ泊地沖、サーモン海域北方、グアノ環礁沖海域に出撃！敵を駆逐せよ！,9,4
929,静かな海を護る「鯨」、動き出す！,潜水母艦「大鯨」または「迅鯨」型を旗艦として、潜水艦/潜水空母2隻以上の第一艦隊を編成！同艦隊で<br>南西諸島沖、製油所地帯沿岸、南西諸島近海、東部オリョール海を哨戒！各海域の制海権を保持せよ！,9,4
932,【秋限定】野分の大冒険！,【秋限定】第四駆逐隊「野分」を旗艦に、二番艦に僚艦「舞風」を配備した5隻以下の第一艦隊で、<br>鎮守府近海航路、バシー海峡、モーレイ海、南西諸島防衛線に複数回出撃！作戦を成功させよ！,9,4
345,演習ティータイム！,「Warspite」「金剛」「Ark Royal」「Nelson」及びJ級駆逐艦から4隻以上含む艦隊を編成！<br>同ティータイム艦隊で、本日中に【A判定】以上の勝利を4回以上達成せよ！Tea Timeは大切ネー！,3,5
197,主力オブ主力、精強「十駆」出撃準備ヨシ！,第十駆逐隊編成任務：改装甲型駆逐艦「夕雲改二」「巻雲改二」「風雲改二」、そして「秋雲改二」の<br>4隻から成る完全編成の最精強「第十駆逐隊」(4隻編成)を編成せよ！,1,4
346,最精鋭！主力オブ主力、演習開始！,第十駆逐隊演習任務：改装甲型駆逐艦「夕雲改二」「巻雲改二」「風雲改二」「秋雲改二」の4隻を<br>含む艦隊を編成、同駆逐隊を含む精鋭艦隊で、本日中に【S判定】以上の勝利を4回以上達成せよ！,3,5
930,主力オブ主力、縦横無尽ッ！,改装甲型駆逐艦4隻の精強第十駆逐隊を含む艦隊で、南西諸島防衛線、バシー海峡、キス島沖、<br>ジャム島沖、マラッカ海峡ペナン島沖深部に展開！各海域の敵艦隊主力を捕捉、これを撃滅せよ！,9,4
714,「駆逐艦」の改修工事を実施せよ！,近代化改修任務：鋼材600及びボーキサイト300を準備して、任意の駆逐艦を近代化改修！<br>[駆逐艦]x3隻同時使用により2回成功させよ！※任務達成後、準備資源は消費します。,7,5
933,【艦隊司令部強化】艦隊旗艦、出撃せよ！,旗艦に「大淀」型軽巡または駆逐艦「丹陽」、他に駆逐艦/海防艦3隻以上を擁する第一艦隊を編成、<br>製油所地帯沿岸、南西諸島防衛線、南西諸島近海、バシー海峡に複数回出撃！海域を防衛せよ！,9,4
934,奇跡の駆逐艦「雪風」、再び出撃す！,旗艦に「丹陽」または帰還後の「雪風改二」を配備した精強な艦隊で、東部オリョール海、沖ノ島海域、<br>沖ノ島沖、アルフォンシーノ方面、マラッカ海峡ペナン島沖深部に展開！敵艦隊主力を捕捉撃滅せよ！,9,4
347,奇跡の駆逐艦,旗艦「雪風」を含む合計4隻以上の駆逐艦を配備した精強な演習艦隊を編成、<br>本日中に演習で【S判定】以上の勝利を4回以上達成せよ！,3,4
715,続：「駆逐艦」の改修工事を実施せよ！,近代化改修任務：鋼材900及びボーキサイト500を準備して、任意の駆逐艦を近代化改修！<br>[軽巡洋艦]x3隻同時使用により2回成功させよ！※任務達成後、準備資源は消費します。,7,5
935,最精強！「呉の雪風」「佐世保の時雨」,歴戦の精鋭駆逐艦「雪風改二」及び「時雨改二」を配備した艦隊で、サブ島沖海域、サーモン海域北方、<br>カレー洋リランカ島沖、中部北海域ピーコック島沖、KW環礁沖海域に突入！敵戦力を撃滅せよ！,9,4
898,北の海から愛をこめて,任意の艦隊で、北方海域モーレイ海、キス島沖、アルフォンシーノ方面、北方海域全域、<br>北方AL海域において敵艦隊と交戦、これらを撃破、北方の海の制海権を確保せよ！,8,4
441,【節分任務】令和三年節分遠征任務,節分任務：「南西方面航空偵察作戦」「西方海域偵察作戦」「西方海域封鎖作戦」<br>及び「潜水艦通商破壊作戦」各遠征を実施、これを成功させよ！,4,4
236,精鋭「二四駆逐隊」出撃せよ！,二四駆出撃任務：「海風改二」を旗艦とし、「山風」「江風」「涼風」のうち2隻以上を含む艦隊を編成、<br>東部オリョール海、沖ノ島海域、南方海域前面、サブ島沖海域に突入！敵艦隊を捕捉、撃滅せよ！,2,4
292,重改装高速戦艦「金剛改二丙」、南方突入！,南方海域出撃任務：「金剛改二丙」を旗艦、随伴艦に金剛型1隻、駆逐艦2隻以上を含む艦隊で、<br>南方海域前面、サブ島沖海域、サーモン海域、同海域北方に反復突入、各海域の敵を撃滅せよ！,2,4
329,【節分任務】節分演習！,節分任務：駆逐艦または海防艦2隻を含む節分艦隊を編成、同艦隊を以て、節分演習を実施する！<br>令和三年節分演習艦隊で、本日中に演習において【完全勝利】を3回以上達成せよ！,3,1
653,工廠稼働！次期作戦準備！,"「14cm単装砲」x6廃棄、家具コイン6,000と「35.6cm連装砲」「九六式艦戦」各三つを<br>準備せよ！　※任務達成後、用意した家具コイン及び必要装備(低改修値のもの優先)は消費します。",6,5
654,精鋭複葉機飛行隊の編成,"精鋭複葉機飛行隊の編成：秘書艦「Ark Royal」に改修max「Swordfish」を一番スロットに搭載、<br>「Swordfish」x1「Fulmar」x2を廃棄、「熟練搭乗員」、弾薬とボーキサイトを各1,500用意せよ！",6,5
655,工廠フル稼働！新兵装を開発せよ！,"「小口径主砲」「中口径主砲」「大口径主砲」「水偵」「艦攻」系各装備をそれぞれ五つずつ廃棄！<br>鋼材、燃料、ボーキサイト各1,500を準備せよ！　※任務達成後、準備した資源は消費します。",6,5
657,新型兵装開発整備の強化,"新型兵装の開発体制整備を実施する！「小口径主砲」系装備x6、「中口径主砲」系装備x5、<br>「魚雷」系装備x4を廃棄、鋼材4,000を準備せよ！　※任務達成後、準備した資源は消費します。",6,5
681,航空戦力の再編増強準備,"航空戦力の再編増強準備を実施する！　「艦爆」系装備x4、「艦攻」系装備x4を廃棄、<br>開発資材20及びボーキサイト1,600を準備せよ！　※任務達成後、準備した資材は消費します。",6,5
683,航空戦艦用強化型新主砲の研究,"秘書艦「伊勢改二」一番スロに「試製41cm三連装砲」改修max搭載、「41cm連装砲」x3 「22号対水上<br>電探」x2を廃棄、開発資材x40、高速建造材x50、鋼材4,500、新型砲熕兵装資材x2を準備せよ！",6,4
832,春！「三一駆」旗艦「長波」、出撃せよ！,春季特別任務：旗艦に「長波」、三一駆「高波」「沖波」「岸波」「朝霜」から3隻以上を含む第1艦隊で<br>南西諸島近海、バシー海峡の敵を反復撃滅、南方のサーモン海域の敵艦隊と交戦、これを撃破せよ！,8,4
833,陸戦用装備の艦載運用実戦研究,陸戦用装備の艦載運用研究：水上機母艦または揚陸艦を含む艦隊を編成、西方海域カレー洋リランカ島沖<br>及び中部北海域ピーコック島沖の各作戦において、敵地上戦力と交戦、これを複数回撃破せよ！,8,4
237,「羽黒」「神風」、出撃せよ！,第五戦隊任務：「羽黒」「神風」を基幹として、他に重巡級1隻駆逐艦2隻、または駆逐艦4隻の<br>艦隊で南西諸島近海、バシー海峡、東部オリョール海に出撃、敵艦隊と交戦、これを撃滅せよ！,2,4
283,精強！「第一航空戦隊」出撃せよ！,第一艦隊旗艦「赤城改二(改二戊)」同二番艦「加賀」の第一航空戦隊を中核とした艦隊で、カレー洋<br>リランカ島沖、珊瑚諸島沖に展開！さらにKW環礁沖海域に反復出撃！鎧袖一触！敵を粉砕せよ！,2,4
841,【節分任務】令和三年西方海域節分作戦,節分任務：旗艦に水上機母艦・航空巡洋艦・重巡のいずれか、さらに旗艦と同艦種の随伴艦を含む艦隊で<br>西方海域ジャム島沖、カレー洋海域、リランカ島に展開！同方面敵艦隊主力を捕捉、これを撃滅せよ！,8,2
845,発令！「西方海域作戦」,大規模出撃任務：「西方海域作戦」が発令された！有力な艦隊を編成し、西方海域全海域に出撃、<br>同海域に展開する敵戦力を完全撃破、これを殲滅せよ！　艦隊、西へ！,8,5
843,【節分拡張任務】令和三年節分作戦、全力出撃！,節分拡張任務：戦艦または航空母艦を旗艦とする駆逐艦2隻以上を含む艦隊で、節分期間の南方海域<br>珊瑚諸島沖及びサーモン海域北方、さらに中部北海域ピーコック島沖の敵を撃滅せよ(戦果拡張可能)！,8,2
847,球磨型軽巡一番艦、出撃だクマ！,改装軽巡「球磨改二/球磨改二丁」旗艦の艦隊を、鎮守府近海航路、南西諸島バシー海峡、<br>北方海域キス島沖、南西海域マラッカ海峡ペナン島沖深部へ展開！各方面の作戦を成功させよ！,8,4
284,南西諸島方面「海上警備行動」発令！,海上警備任務：軽空母または軽巡級1隻、駆逐艦または海防艦を計3隻以上配備した海上護衛艦隊で、<br>南1号作戦、南西諸島哨戒、柳作戦、オリョール哨戒を実施、各作戦海域に出没する敵を撃滅せよ！,2,5
291,艦隊司令部の強化 【実施段階】,艦隊司令部強化：「大淀」を旗艦、随伴艦に「明石」または水上機母艦を含む艦隊を編成、同艦隊で<br>東部オリョール海、アルフォンシーノ方面、西方ジャム島沖に反復出撃、敵艦隊を捕捉撃滅せよ！,2,4
658,潜水艦武装の強化,「61cm三連装魚雷」を四つ廃棄、開発資材x120と「61cm四連装(酸素)魚雷」「九三式水中聴音機」各三<br>つを準備せよ！　※任務達成後、用意した開発資材及び必要装備(低改修値のもの優先)は消費します。,6,4
848,重装甲巡洋艦、鉄底海峡に突入せよ！,第一艦隊旗艦に「Zara due」を配備、同艦隊で南方サブ島沖海域へ突入！同方面の敵艦隊群を突破し、鉄<br>底海峡に展開する敵戦力を撃破せよ！,8,4
290,「比叡」の出撃,「比叡」南方海域出撃任務：高速戦艦「比叡」を旗艦とする有力な艦隊で、南方海域<br>サブ島沖海域及びサーモン海域に出撃。同作戦海域の敵艦隊と交戦、これを撃滅せよ！,2,4
188,精鋭「三一駆」第一小隊、抜錨準備！,編成任務：「長波改二」旗艦、僚艦に「高波改」または「沖波改」「朝霜改」を配した、<br>第三一駆逐隊第一小隊(2隻艦隊)を編成せよ！,1,4
651,ネ式エンジンの増産,"噴式航空機生産のため、ネ式エンジンの増産を行う。「零式艦戦52型」三つを「工廠」で廃棄、「流星」<br>「試製烈風 後期型」各二つと鉄鋼8,000を準備せよ！※任務達成後、必要な装備と資源は消費します。",6,4
656,六三一空「晴嵐」隊の編成,秘書艦に「伊401」または「伊14」または「伊13」を配備。「晴嵐」を一番スロットに搭載。「瑞雲(六三<br>一空)」を二番スロットに搭載。「晴嵐(六三一空)」を新編せよ！　※任務達成後瑞雲は消滅します。,6,4
235,近海哨戒を実施せよ！,哨戒任務：軽巡級1隻以上、駆逐艦または海防艦計3隻以上による艦隊で、鎮守府海域の南西諸島沖及び<br>製油所地帯沿岸、南西諸島海域の南西諸島近海及びバシー海峡の哨戒を実施、敵を捕捉撃滅せよ！,2,4
314,冬季大演習,冬季大演習：冬の一日中に「演習」で8回以上「勝利」をおさめ、艦隊のさらなる練度に努めよ！,3,4
830,夜の海を照らす「灯り」を入手せよ！,有力な艦隊を南西諸島近海に投入、同方面に出没する敵艦隊を捕捉、これを撃滅せよ！<br>そして、夜を照らす「灯り」を入手せよ！　ある季節は夜戦以外にも使い道があるようだ！,8,4
831,春の海上警備行動！艦隊、抜錨せよ！,春季特別任務：旗艦に軽巡級・軽空母・水上機母艦を配備、駆逐艦・海防艦計4隻以上を含む艦隊を編成、<br>鎮守府正面海域、南西諸島沖、製油所地帯沿岸、南西諸島防衛線の海上警備を実施、敵を発見撃滅せよ！,8,4
648,「特注家具」の調達,"「12.7cm連装高角砲」二つを廃棄し、家具コイン5,000と「14cm単装砲」及び「15.2cm単装砲」を各<br>二つずつ準備せよ！　※任務達成後、用意した家具コイン及び必要装備(低改修を優先)は消費します。",6,4
840,【節分任務】令和三年節分作戦,節分任務：軽空母または軽巡級を旗艦とする駆逐艦または海防艦3隻以上を含む艦隊で、節分期間の<br>南西諸島海域南西諸島近海、バシー海峡、東部オリョール海を哨戒！敵艦隊を捕捉、これを撃破せよ！,8,2
872,戦果拡張任務！「Z作戦」後段作戦,戦果拡張作戦：我が第一艦隊に精鋭艦艇を集中配備、同精鋭艦隊を以て、南西海域タウイタウイ泊地沖、<br>南方海域サーモン海域北方、中部海域MS諸島沖及びKW環礁沖海域の敵艦隊を捕捉、これを撃滅せよ！,8,5
661,新型砲熕兵装、戦力化開始！,"工廠任務：新型砲熕兵装の開発及び同戦力化を開始する。「副砲」系装備x10を廃棄、<br>鉄鋼6,000を準備せよ！　※任務達成後、準備した資源は消費します。",6,4
662,新型艤装の開発研究,"工廠任務：新型艤装の開発研究を実施する。「中口径主砲」系装備x10を廃棄、鉄鋼12,000を準備せよ！<br>※任務達成後、準備した資源は消費します。「勲章」と「新型砲熕兵装資材」の獲得選択が可能です。",6,4
254,「軽空母」戦隊、出撃せよ！,軽空母1～2隻、軽巡1隻、駆逐艦3～4隻の艦隊で南西諸島近海の敵を撃滅せよ！,2,4
650,噴式戦闘爆撃機の開発,ネ式エンジンを搭載した新型戦闘爆撃機の開発を行う。「紫電改二」三つを「工廠」で廃棄し、「新型航空<br>機設計図」二つと「ネ式エンジン」一つを準備せよ！(任務達成後、用意した必要アイテムは消費します),6,4
684,精鋭「航空戦艦」彗星隊の編成,精鋭彗星隊編成：旗艦「伊勢改二」第三装備スロに「彗星二二型(六三四空)」搭載、熟練搭乗員、開発資材<br>x30、新型航空兵装資材を用意、「九九艦爆」「彗星」各x3廃棄、ボーキサイト一定量確保せよ！,6,4
616,機種転換,「零戦52型丙(六〇一空)」搭載空母を秘書艦にした状態で新たに「試製烈風 後期型」を2つ廃棄！,6,4
641,「航空基地設営」事前準備,「航空基地設営」の事前準備を開始する。「ドラム缶(輸送用)」を二つ「工廠」で廃棄し、「7.7mm機<br>銃」及び「九六式艦戦」を各二つずつ用意せよ！(任務達成後、用意した必要装備は消滅します),6,4
908,【桃の節句】春の決戦！敵機動部隊を叩け！,【桃の節句作戦】航空母艦1隻以上、重巡または航空巡洋艦1隻以上、軽巡1隻以上を含む精強艦隊で、<br>南西諸島海域沖ノ島海域、沖ノ島沖、タウイタウイ泊地沖深部に反復出撃、敵艦隊主力を撃滅せよ！,9,4
315,春季大演習,春季大演習：春の一日中に「演習」で8回以上「勝利」をおさめ、艦隊の練度向上に努めよ！,3,4
443,西方連絡作戦による航空技術獲得,西方連絡作戦実施：欧州友軍の航空技術入手のため、複数の潜水艦による<br>「潜水艦派遣作戦」を複数回実施し、これらを見事成功させよ！,4,4
710,【桃の節句】菱餅改修：2021序,桃の節句任務：菱餅【2個】を準備して、任意の駆逐艦の近代化改修を<br>睦月型駆逐艦x4隻の同時使用により成功させよ！,7,4
906,【桃の節句】鎮守府近海、春の安全確保作戦,【桃の節句作戦】駆逐艦または海防艦計3隻を含む艦隊で、鎮守府海域南西諸島沖、<br>製油所地帯沿岸、鎮守府近海、鎮守府近海航路の安全確保と対潜掃蕩を図れ！,9,2
932,【春限定】春の天津風！,【春限定】第十六駆逐隊「天津風」を旗艦に、二番艦に僚艦「雪風」「時津風」「初風」から1隻配備、<br>南西諸島海域バシー海峡、東部オリョール海、マラッカ海峡ペナン島沖深部に複数回出撃！敵を撃破せよ！,9,4
937,精鋭「第七駆逐隊」、出撃せよ！,精鋭七駆任務：第七駆逐隊「曙改二」「潮改二」を含む精鋭艦隊で、南西諸島海域東部オリョール海、<br>北方海域キス島沖、西方海域カスガダマ島、南方海域サーモン海域に展開、敵艦隊を撃滅せよ！,9,4
350,精鋭「第七駆逐隊」演習開始！,七駆演習任務：第七駆逐隊「朧」「曙」「漣」「潮」の4隻を含む演習艦隊を編成、<br>本日中に【A判定】勝利3回以上達成せよ。精鋭第七駆逐隊、演習開始！,3,5
442,西方連絡作戦準備を実施せよ！,西方連絡作戦準備：「西方海域偵察作戦」「潜水艦派遣演習」「潜水艦派遣作戦」<br>及び「欧州方面友軍との接触」各遠征を実施、これを成功させよ！,4,5
936,改装最新鋭軽巡「能代改二」、出撃せよ！,旗艦に「能代改二」、同指揮下に駆逐艦3隻以上を配備した艦隊で、沖ノ島海域、キス島沖、<br>サブ島沖海域、ブルネイ泊地沖、タウイタウイ泊地沖深部に出撃！敵艦隊を捕捉撃滅せよ！,9,4
907,【桃の節句】南西諸島海域、春の戦闘哨戒！,【桃の節句作戦】精鋭駆逐艦または海防艦計4隻を含む艦隊で、南西諸島近海、バシー海峡、<br>東部オリョール海に反復出撃！各海域の敵艦隊を捕捉撃滅、制海権の確保を図れ！,9,2
711,【桃の節句】菱餅改修：2021破,桃の節句任務：菱餅【5個】を準備して、任意の特II型(綾波型)駆逐艦の<br>近代化改修を特I型(吹雪型)駆逐艦x5隻の同時使用により2回成功させよ！,7,4
712,【桃の節句】菱餅改修：2021週,"桃の節句任務：菱餅【3個】と開発資材20及び鋼材2,400、弾薬2,400を準備、<br>任意の重巡級の近代化改修を軽巡x4隻同時使用により2回成功させよ！",7,2
348,「精鋭軽巡」演習！,旗艦に軽巡級(雷巡を除く)、旗艦含む3隻以上の軽巡級と随伴駆逐艦2隻を配備した軽巡演習艦隊を<br>編成、同艦隊により本日中に演習で【A判定】以上の勝利を4回以上達成せよ！,3,5
716,「軽巡」級の改修工事を実施せよ！,軽巡近代化改修：鋼材800及びボーキサイト400を準備、任意の軽巡級を近代化改修！<br>[軽巡級]x3隻同時使用により2回成功させよ！※任務達成後、準備資源は消費します。,7,5
909,【桃の節句：拡張作戦】春の攻勢作戦！,【桃の節句作戦】精鋭艦隊を編成、北方海域北方AL海域、西方海域カレー洋リランカ島沖、<br>中部北海域ピーコック島沖へ展開、各海域の敵戦力を痛打、これを撃滅せよ！,9,2
717,続：「軽巡」級の改修工事を実施せよ！,軽巡近代化改修：鋼材900及び弾薬900を準備して、任意の軽巡級を近代化改修！<br>[重巡級]x3隻同時使用により2回成功させよ！※任務達成後、準備資源は消費します。,7,5
713,【桃の節句】菱餅改修：2021空,"桃の節句任務：菱餅【7個】、開発資材90及び燃料9,000、ボーキサイト9,000を準備、<br>任意の正規空母の近代化改修を軽空母x5隻同時使用により2回成功させよ！",7,4
351,改装航空巡洋艦「最上」、進発せよ！,改装航空巡洋艦「最上改二」または特殊改装航空巡洋艦「最上改二特」を旗艦として、<br>随伴駆逐艦3隻以上を含む演習艦隊を編成！本日中に【A判定】勝利を4回以上達成せよ！,3,4
352,改装「矢矧」、精鋭水雷戦隊旗艦演習！,水雷戦隊旗艦演習：改装軽巡「矢矧改二」または「矢矧改二乙」を旗艦として、同指揮下に<br>精鋭駆逐艦4隻以上を含む水雷戦隊を編成！本日中に【S判定】勝利を4回以上達成せよ！,3,4
940,二水戦旗艦、この「矢矧」が預かります！,旗艦に「矢矧改二(改二乙含む)」、随伴駆逐艦2隻を配備した精鋭水雷戦隊で、南西諸島防衛線、<br>沖ノ島沖、サブ島沖海域、サーモン海域北方の敵艦隊を撃滅せよ！二水戦旗艦「矢矧」、抜錨！,9,4
941,【春限定】春の近海哨戒お散歩！,【春限定】旗艦に潜水母艦または練巡・軽巡、他駆逐以下の小艦艇による5隻以下の哨戒艦隊で、<br>製油所地帯沿岸、南西諸島近海、南西諸島海域バシー海峡に反復哨戒！敵を捕捉撃破せよ！,9,4
444,新兵装開発資材輸送を船団護衛せよ！,新兵装開発資材輸送護衛：「海上護衛任務」「資源輸送任務」「タンカー護衛任務」<br>「南西方面航空偵察作戦」「ボーキサイト輸送任務」遠征を実施、これを成功させよ！,4,5
938,改装航空巡洋艦「最上」、抜錨せよ！,旗艦に改装航空巡洋艦「最上改二(改二特含む)」を配備した精鋭艦隊で、南西諸島海域バシー海峡、<br>沖ノ島海域、西方海域カレー洋リランカ島沖、南方海域前面に展開、敵艦隊を撃滅せよ！,9,4
939,西村艦隊、精鋭先行掃討隊、前進せよ！,「最上改二(改二特含む)」旗艦、時雨・満潮・朝雲・山雲より2隻を配備した艦隊で、東部オリョール海、<br>中部北海域ピーコック島沖、タウイタウイ泊地沖深部、マラッカ海峡ペナン島沖深部の敵を撃滅せよ！,9,4
718,「最上型」改修工事を実施せよ！,"最上型近代化改修：鋼材1,100及び弾薬1,100を準備、「最上型」を近代化改修！<br>[軽巡級]x3隻同時使用で2回成功させよ！※任務達成後、準備資源は消費します。",7,4
719,続：「最上型」改修工事を実施せよ！,"最上型近代化改修：鋼材1,200及び弾薬1,200を準備、「最上型」を近代化改修！<br>[重巡級]x4隻同時使用で2回成功させよ！※任務達成後、準備資源は消費します。",7,4
942,【八周年限定】カタリナフェスティバル！,【八周年限定任務】旗艦に軽巡洋艦または「Fletcher」、随伴駆逐艦/海防艦計3隻以上配備の艦隊で、<br>南西諸島沖、製油所地帯沿岸、南西諸島防衛線、キス島沖に反復出撃！敵艦隊の撃破に努めよ！,9,4
943,新しき翼。改装航空母艦「龍鳳」、出撃せよ！,旗艦に「龍鳳改二(改二戊含む)」、随伴に「時雨改二」を編成した第一艦隊で南西諸島海域バシー海峡、<br>東部オリョール海、沖ノ島海域、沖ノ島沖、タウイタウイ泊地沖深部へ出撃。敵艦隊を捕捉撃滅せよ！,9,4
353,「巡洋艦戦隊」演習！,「重巡洋艦」または「航空巡洋艦」、旗艦を含む重巡級4隻による巡洋艦戦隊を基幹とし、<br>随伴駆逐艦2隻による計6隻編成の艦隊で、本日中に5回以上演習で勝利せよ！,3,5
944,鎮守府近海海域の哨戒を実施せよ！,旗艦に「重巡洋艦」または「駆逐艦」、随伴に「駆逐艦・海防艦」より旗艦含めず3隻以上(他自由)の<br>艦隊で、南西諸島沖、製油所地帯沿岸、南西諸島防衛線へ反復出撃！敵艦隊の撃破に努めよ！,9,5
1101,海軍工廠の再整備,"工廠整備：「12.7cm連装砲」x8廃棄、家具コインx4,000と「14cm単装砲」「20.3cm連装砲」各x4を<br>準備せよ！※任務達成後、用意した家具コイン及び必要装備(低改修値のもの優先)は消費します。",11,4
1102,工廠による装備兵装の強化準備,"「12cm単装砲」x7廃棄、燃料x2,400と「20.3cm連装砲」「35.6cm連装砲」各x5を準備せよ！<br>※任務達成後、用意した燃料及び必要装備(低改修値のもの優先)は消費します。",11,4
1103,潜水艦強化兵装の量産,「61cm三連装(酸素)魚雷」x3廃棄、開発資材x60と「九三式水中聴音機」「13号対空電探改」各x2を<br>準備せよ！　※任務達成後、用意した開発資材及び必要装備(低改修値のもの優先)は消費します。,11,5
1104,潜水艦電子兵装の量産,「13号対空電探改」x3廃棄、開発資材x100と「九三式水中聴音機」及び「22号対水上電探」各x2を<br>準備せよ！　※任務達成後、用意した開発資材及び必要装備(低改修値のもの優先)は消費します。,11,5
945,南西方面の兵站航路の安全を図れ！,旗艦に「軽巡・練巡・駆逐艦」、随伴に「駆逐艦・海防艦」より旗艦含めず3隻以上(他自由)の艦隊で、<br>反復出撃！鎮守府近海、南西諸島近海、鎮守府近海航路の安全確保と対潜掃蕩を図れ！,9,5
946,空母機動部隊、出撃！敵艦隊を迎撃せよ！,旗艦に「航空母艦」、随伴に「重巡洋艦・航空巡洋艦」から2隻以上(他自由)の機動部隊を編成。<br>バシー海峡、東部オリョール海、沖ノ島海域へ展開！敵艦隊主力を捕捉、これを撃滅せよ！,9,5
947,AL作戦,軽空母2隻を基幹とした艦隊を編成、北方海域モーレイ海、アルフォンシーノ方面、北方海域全域、<br>北方AL海域へ展開！AL方面へと至るこれらの北方海域で敵主力を積極攻撃、これを撃滅せよ！,9,5
948,機動部隊決戦,旗艦に「航空母艦」を編成した第一艦隊で、珊瑚諸島沖、サーモン海域北方、KW環礁沖海域へ<br>反復出撃、敵主力を撃滅！さらに中部北海域ピーコック島沖へも反復展開、敵戦力を撃破せよ！,9,5
354,「改装特務空母」任務部隊演習！,旗艦に「改装特務空母」、僚艦に「Fletcher級駆逐艦」または「John C.Butler級護衛駆逐艦」<br>計2隻以上を含む任務部隊を編成。同艦隊で、本日中に【S判定】勝利を4回以上達成せよ！,3,5
949,改装特務空母「Gambier Bay Mk.II」抜錨！,旗艦「Gambier Bay Mk.II」、僚艦に「Fletcher級駆逐艦」1隻以上を含む第一艦隊で、沖ノ島海域、<br>北方AL海域の敵艦隊を反復撃滅、中部北海域ピーコック島沖に反復展開、同地の敵を撃破せよ！,9,4
950,【夏季限定】「渚のマーメイド」作戦！,「第七駆逐隊」4隻、または「白露改二」「時雨改二」「村雨改二」「夕立改二」4隻を含む艦隊で、<br>夏の南西諸島防衛線、東部オリョール海、キス島沖に複数回出撃、敵艦隊を捕捉撃滅せよ！,9,4
1105,夏の格納庫整備＆航空基地整備,"九六式や一式陸攻等の陸上攻撃機x3廃棄、弾薬x2,800と「九七式艦攻」「天山」各x4を準備せよ！<br>※任務達成後、用意した弾薬及び必要装備(低改修値のもの優先)は消費します。",11,5
1106,精鋭三座水上偵察機隊の前線投入,"旗艦「由良改二」第一スロに最大改修「零式水上偵察機11型乙」。 「零式水上偵察機」「瑞雲」各x3<br>廃棄、燃料x1,300、ボーキ1,700、新型航空兵装資材x1、戦闘詳報x1、熟練搭乗員x3を準備せよ！",11,4
445,航空基地を整備拡張せよ！,航空基地整備：「海上護衛任務」「兵站強化任務」「タンカー護衛任務」「航空機輸送<br>作戦」「水上機基地建設」「水上機前線輸送」「ボーキサイト船団護衛」を実施せよ！,4,4
951,【夏季限定】「渚のシレーナ」欧州作戦！,伊駆逐、独駆逐、米駆逐、仏艦艇、「Littorio(Italia)」「U-511(呂500)」「Houston」「Gotland」<br>計5隻以上の艦隊で、夏のジャム島沖、リランカ島、カスガダマ島に反復出撃！敵を撃滅せよ！,9,4
446,【作戦準備】第一段階任務(対潜整備),作戦準備(第一段階任務)：「警備任務」「対潜警戒任務」「海上護衛任務」「海峡警備<br>行動」及び「兵站強化任務」各遠征を実施、これをそれぞれ1回以上成功させよ！,4,4
952,【作戦準備】第二段階任務(対地/対空整備),作戦準備(第二段階任務)：駆逐艦を3隻以上編成した艦隊で、製油所地帯沿岸、南西諸島防衛線、<br>南西諸島近海、南西諸島海域バシー海峡へ出撃、各作戦海域の敵を撃滅、制海権を確保せよ！,9,4
953,【地中海作戦】特務艦隊、遊撃部隊編成！,【地中海遊撃部隊編成】第一作戦海域において、敵前線兵站集積地(Point【F】及び【L】)を強襲！<br>さらにタラント方面よりマルタ島への輸送部隊を狙う敵戦艦戦隊を迎撃、これを撃破せよ！,9,4
954,【地中海作戦】地中海配備の敵戦力を叩け！,【地中海敵戦力の漸減】第一作戦海域、地中海配備の敵魚雷艇群(Point【H】及び【S】)を撃破！<br>さらに敵に占拠されたタラント軍港を強襲、地中海東部に展開した敵深海戦力の漸減を図れ！,9,4
955,【地中海拡張作戦】第10潜水戦隊作戦　(※難易度変更時は本作戦中止),【地中海拡張作戦】最終作戦海域において、潜水艦隊をもって、地中海敵水上艦隊(Point【T1】<br>及び【T4】)への反復潜水艦攻撃を敢行！地中海の敵水上艦隊の行動封じ込めを実施せよ！,9,4
956,【地中海拡張作戦】北アフリカ作戦　(※難易度変更時は本作戦中止),【地中海拡張(高難易度専用)作戦】最終作戦海域において北アフリカ敵拠点(Point【F】及び【W】)<br>への対地反復攻撃を敢行！今後の同方面作戦に備え、敵戦線後方の集積兵站拠点を撃滅せよ！,9,4
